-- Generation time: Fri, 31 Jul 2020 08:35:28 +0000
-- Host: mysql.hostinger.ro
-- DB name: u574849695_23
/*!40030 SET NAMES UTF8 */;
/*!40101 SET @OLD_CHARACTER_SET_CLIENT=@@CHARACTER_SET_CLIENT */;
/*!40101 SET @OLD_CHARACTER_SET_RESULTS=@@CHARACTER_SET_RESULTS */;
/*!40101 SET @OLD_COLLATION_CONNECTION=@@COLLATION_CONNECTION */;
/*!40103 SET @OLD_TIME_ZONE=@@TIME_ZONE */;
/*!40103 SET TIME_ZONE='+00:00' */;
/*!40014 SET @OLD_UNIQUE_CHECKS=@@UNIQUE_CHECKS, UNIQUE_CHECKS=0 */;
/*!40014 SET @OLD_FOREIGN_KEY_CHECKS=@@FOREIGN_KEY_CHECKS, FOREIGN_KEY_CHECKS=0 */;
/*!40101 SET @OLD_SQL_MODE=@@SQL_MODE, SQL_MODE='NO_AUTO_VALUE_ON_ZERO' */;
/*!40111 SET @OLD_SQL_NOTES=@@SQL_NOTES, SQL_NOTES=0 */;

DROP TABLE IF EXISTS `communities`;
CREATE TABLE `communities` (
  `id` bigint(20) unsigned NOT NULL AUTO_INCREMENT,
  `name` varchar(200) COLLATE utf8_unicode_ci DEFAULT NULL COMMENT 'название community',
  `admin_user_id` bigint(20) unsigned NOT NULL COMMENT 'информация о админе',
  UNIQUE KEY `id` (`id`),
  KEY `admin_user_id` (`admin_user_id`),
  KEY `name` (`name`),
  CONSTRAINT `communities_ibfk_1` FOREIGN KEY (`admin_user_id`) REFERENCES `users` (`id`)
) ENGINE=InnoDB AUTO_INCREMENT=101 DEFAULT CHARSET=utf8 COLLATE=utf8_unicode_ci;

INSERT INTO `communities` VALUES ('1','tempore','1'),
('2','maxime','2'),
('3','accusamus','3'),
('4','ipsa','4'),
('5','vitae','5'),
('6','sint','6'),
('7','laboriosam','7'),
('8','sequi','8'),
('9','et','9'),
('10','in','10'),
('11','qui','11'),
('12','quo','12'),
('13','maxime','13'),
('14','est','14'),
('15','sit','15'),
('16','quos','16'),
('17','et','17'),
('18','ducimus','18'),
('19','inventore','19'),
('20','corrupti','20'),
('21','maxime','21'),
('22','doloremque','22'),
('23','modi','23'),
('24','ea','24'),
('25','sed','25'),
('26','totam','26'),
('27','labore','27'),
('28','fugit','28'),
('29','similique','29'),
('30','voluptatum','30'),
('31','occaecati','31'),
('32','dolore','32'),
('33','eos','33'),
('34','molestias','34'),
('35','modi','35'),
('36','eius','36'),
('37','et','37'),
('38','dolores','38'),
('39','velit','39'),
('40','explicabo','40'),
('41','repellendus','41'),
('42','magni','42'),
('43','molestiae','43'),
('44','veritatis','44'),
('45','et','45'),
('46','cumque','46'),
('47','et','47'),
('48','vitae','48'),
('49','est','49'),
('50','ut','50'),
('51','est','51'),
('52','aliquam','52'),
('53','quasi','53'),
('54','deleniti','54'),
('55','et','55'),
('56','impedit','56'),
('57','dolores','57'),
('58','ex','58'),
('59','delectus','59'),
('60','recusandae','60'),
('61','perferendis','61'),
('62','unde','62'),
('63','molestiae','63'),
('64','cumque','64'),
('65','neque','65'),
('66','modi','66'),
('67','libero','67'),
('68','cumque','68'),
('69','eveniet','69'),
('70','omnis','70'),
('71','possimus','71'),
('72','dolore','72'),
('73','modi','73'),
('74','odit','74'),
('75','ad','75'),
('76','quas','76'),
('77','soluta','77'),
('78','voluptatem','78'),
('79','repellendus','79'),
('80','est','80'),
('81','totam','81'),
('82','error','82'),
('83','quis','83'),
('84','omnis','84'),
('85','quod','85'),
('86','laboriosam','86'),
('87','alias','87'),
('88','possimus','88'),
('89','nam','89'),
('90','molestiae','90'),
('91','aut','91'),
('92','mollitia','92'),
('93','vel','93'),
('94','voluptatem','94'),
('95','aut','95'),
('96','et','96'),
('97','labore','97'),
('98','est','98'),
('99','aut','99'),
('100','sunt','100'); 


DROP TABLE IF EXISTS `friend_requests`;
CREATE TABLE `friend_requests` (
  `initiator_user_id` bigint(20) unsigned NOT NULL COMMENT 'от кого',
  `target_user_id` bigint(20) unsigned NOT NULL COMMENT 'кому',
  `created_at` datetime DEFAULT current_timestamp() COMMENT 'когда было отправлен запрос',
  `updated_at` datetime DEFAULT NULL ON UPDATE current_timestamp() COMMENT 'обновление изменений',
  `status` enum('requested','approved','unfruended','declined') COLLATE utf8_unicode_ci DEFAULT NULL,
  PRIMARY KEY (`initiator_user_id`,`target_user_id`),
  KEY `target_user_id` (`target_user_id`),
  CONSTRAINT `friend_requests_ibfk_1` FOREIGN KEY (`initiator_user_id`) REFERENCES `users` (`id`),
  CONSTRAINT `friend_requests_ibfk_2` FOREIGN KEY (`target_user_id`) REFERENCES `users` (`id`)
) ENGINE=InnoDB DEFAULT CHARSET=utf8 COLLATE=utf8_unicode_ci;

INSERT INTO `friend_requests` VALUES ('1','1','1993-05-03 08:12:43','2001-08-16 09:57:42','declined'),
('2','2','1970-06-06 07:01:55','1973-12-28 10:49:45','approved'),
('3','3','1981-08-21 17:44:34','1972-10-31 11:48:52','unfruended'),
('4','4','1984-10-12 21:01:34','1976-09-02 12:08:04','requested'),
('5','5','2017-06-13 15:15:03','1990-04-29 04:07:08','declined'),
('6','6','1993-08-29 07:04:59','2003-04-25 23:06:07','unfruended'),
('7','7','2006-07-21 10:49:37','2014-09-07 10:02:30','approved'),
('8','8','2014-08-02 14:19:25','2017-06-26 01:27:33','requested'),
('9','9','1982-09-16 19:55:42','2017-05-26 02:08:34','unfruended'),
('10','10','2017-06-03 22:13:38','1976-09-11 21:39:56','requested'),
('11','11','2009-08-29 14:35:17','1991-04-25 15:05:21','unfruended'),
('12','12','2011-12-16 03:18:28','1989-08-12 22:23:57','unfruended'),
('13','13','1997-12-12 03:24:01','1973-05-05 19:43:09','requested'),
('14','14','1977-04-23 04:57:58','2008-03-25 10:49:37','declined'),
('15','15','1973-08-17 12:54:21','1979-07-08 01:43:58','requested'),
('16','16','2008-05-27 01:51:55','1974-05-02 09:38:52','declined'),
('17','17','1997-12-28 20:02:34','1989-08-09 12:51:12','requested'),
('18','18','2017-05-11 13:49:03','1997-06-04 09:49:38','requested'),
('19','19','1990-05-31 02:46:26','2006-09-28 23:05:02','approved'),
('20','20','1973-10-13 05:30:42','2018-10-31 23:32:04','declined'),
('21','21','2012-06-14 00:27:15','1999-08-14 06:28:57','declined'),
('22','22','1979-03-15 13:29:44','1987-06-23 05:38:45','approved'),
('23','23','2006-10-08 05:52:55','1983-11-06 20:25:51','requested'),
('24','24','1978-08-18 22:55:51','2010-04-06 01:05:55','approved'),
('25','25','1998-10-06 08:48:52','2003-07-03 21:51:26','unfruended'),
('26','26','1988-09-01 00:39:08','1992-08-29 23:10:44','unfruended'),
('27','27','1982-08-03 20:57:54','2017-12-23 03:30:03','approved'),
('28','28','1978-06-12 22:22:13','2016-07-12 02:22:08','declined'),
('29','29','1990-11-23 21:26:06','2017-01-04 08:04:57','unfruended'),
('30','30','2008-11-07 09:55:54','1977-04-08 15:58:37','unfruended'),
('31','31','2005-11-05 10:40:42','2012-07-26 11:16:28','requested'),
('32','32','2002-07-18 04:49:12','2010-04-19 00:56:39','declined'),
('33','33','1970-11-19 16:19:46','2003-01-02 14:37:43','approved'),
('34','34','1991-06-11 14:33:28','1994-04-29 14:46:24','declined'),
('35','35','1972-09-28 07:29:12','1978-11-26 00:21:20','unfruended'),
('36','36','1975-12-09 09:37:04','2004-05-06 09:10:55','requested'),
('37','37','1981-11-11 09:18:58','2005-09-16 03:27:45','unfruended'),
('38','38','2011-09-22 00:56:45','1986-03-17 11:51:53','declined'),
('39','39','2006-11-15 04:01:49','2017-02-21 15:44:35','requested'),
('40','40','1994-12-24 16:56:11','2000-05-08 20:21:59','requested'),
('41','41','1988-01-17 06:42:50','2017-04-23 08:50:05','requested'),
('42','42','2009-04-23 12:38:51','2008-11-27 20:34:16','declined'),
('43','43','1977-09-15 20:28:49','1988-10-12 17:22:47','unfruended'),
('44','44','2017-05-30 22:30:37','2016-10-21 07:45:21','requested'),
('45','45','1973-01-29 15:42:29','2003-04-01 18:44:04','approved'),
('46','46','1985-11-12 13:50:01','1990-02-14 00:42:00','declined'),
('47','47','2007-02-23 01:27:44','1973-05-03 22:44:52','approved'),
('48','48','1982-01-11 12:49:47','2009-04-09 12:53:20','approved'),
('49','49','1991-03-13 16:24:00','1999-03-20 15:55:12','approved'),
('50','50','2002-06-16 23:02:27','2008-05-03 01:57:39','approved'),
('51','51','1970-10-28 08:33:16','2003-02-14 06:06:11','requested'),
('52','52','2015-12-16 14:39:53','2010-07-28 00:50:27','requested'),
('53','53','1978-03-16 14:01:50','1970-11-25 12:23:11','declined'),
('54','54','2015-10-02 10:55:10','2011-05-13 09:24:32','requested'),
('55','55','1992-11-29 23:40:53','1989-02-02 10:34:35','approved'),
('56','56','1998-02-10 22:55:28','2011-02-27 01:24:57','requested'),
('57','57','1970-03-13 02:44:35','1981-07-30 10:06:44','requested'),
('58','58','2008-10-01 21:40:20','2017-10-03 10:50:04','declined'),
('59','59','1979-12-29 05:37:31','1997-01-22 19:57:46','requested'),
('60','60','2018-11-05 04:12:25','1986-01-30 18:29:21','unfruended'),
('61','61','1980-07-29 04:17:09','1987-10-09 00:58:07','approved'),
('62','62','2003-09-16 07:50:41','1998-03-12 11:19:01','unfruended'),
('63','63','2010-07-06 05:57:42','1997-03-27 01:27:11','requested'),
('64','64','1982-05-06 09:51:15','1975-02-28 06:01:16','declined'),
('65','65','2006-01-03 10:59:26','1995-09-05 09:58:16','approved'),
('66','66','1995-03-08 13:44:11','2005-11-21 08:53:25','approved'),
('67','67','1971-09-25 01:54:18','2004-06-29 16:40:39','unfruended'),
('68','68','2002-12-22 14:11:12','1993-07-19 06:34:47','requested'),
('69','69','1979-07-01 06:33:34','2001-02-14 01:12:44','requested'),
('70','70','1970-10-28 06:53:20','2010-08-13 04:52:22','approved'),
('71','71','2005-11-23 16:16:27','1977-08-27 06:21:12','requested'),
('72','72','1975-10-29 11:49:35','2016-06-12 11:07:42','unfruended'),
('73','73','1998-09-24 12:44:30','1985-02-13 21:46:13','approved'),
('74','74','1986-08-02 01:26:19','2003-05-30 11:00:21','requested'),
('75','75','1976-11-01 00:33:57','1982-01-27 05:06:08','declined'),
('76','76','2009-02-19 11:14:58','2019-10-05 01:27:40','unfruended'),
('77','77','1981-03-11 21:12:38','2013-03-13 15:22:16','unfruended'),
('78','78','2002-03-20 04:46:46','1995-10-15 09:36:53','requested'),
('79','79','1986-08-11 13:01:48','2005-07-14 20:49:48','approved'),
('80','80','2019-06-12 16:50:49','1971-01-21 16:42:18','unfruended'),
('81','81','1992-10-11 01:09:40','2004-04-03 07:24:22','declined'),
('82','82','2015-03-27 14:21:06','1996-05-26 17:33:15','unfruended'),
('83','83','1982-02-07 04:37:53','1975-06-10 16:26:13','unfruended'),
('84','84','2008-09-04 19:36:58','1989-10-09 17:10:50','approved'),
('85','85','1994-05-16 03:12:13','1982-09-24 01:06:19','approved'),
('86','86','1998-08-24 09:29:08','1988-05-20 16:40:06','approved'),
('87','87','1970-07-29 04:35:57','2003-06-08 12:43:56','declined'),
('88','88','2017-09-15 16:44:42','2005-02-05 23:13:20','approved'),
('89','89','1980-05-18 18:44:23','2010-09-03 22:16:16','approved'),
('90','90','2015-10-01 04:57:49','2018-11-02 11:00:46','requested'),
('91','91','1987-06-05 06:52:39','1973-09-08 07:16:23','approved'),
('92','92','1973-01-31 15:44:53','2002-01-06 16:10:08','approved'),
('93','93','1975-05-17 03:13:56','2017-01-23 20:36:11','approved'),
('94','94','2002-11-02 05:14:06','1981-01-02 09:08:54','unfruended'),
('95','95','1996-05-16 08:38:28','1995-02-27 06:08:14','approved'),
('96','96','1994-09-07 16:35:43','1998-08-08 02:46:34','unfruended'),
('97','97','1994-04-09 18:39:55','1999-02-21 11:34:45','approved'),
('98','98','2005-05-20 01:15:13','2015-09-04 22:24:54','requested'),
('99','99','2019-04-10 08:31:03','2012-12-14 19:55:16','approved'),
('100','100','2020-01-18 21:47:47','1981-02-04 20:16:43','requested'); 


DROP TABLE IF EXISTS `likes`;
CREATE TABLE `likes` (
  `id` bigint(20) unsigned NOT NULL AUTO_INCREMENT,
  `user_id` bigint(20) unsigned NOT NULL,
  `media_id` bigint(20) unsigned NOT NULL,
  `created_at` datetime DEFAULT current_timestamp(),
  UNIQUE KEY `id` (`id`),
  KEY `media_id` (`media_id`),
  KEY `user_id` (`user_id`),
  CONSTRAINT `likes_ibfk_1` FOREIGN KEY (`media_id`) REFERENCES `media` (`id`),
  CONSTRAINT `likes_ibfk_2` FOREIGN KEY (`user_id`) REFERENCES `users` (`id`)
) ENGINE=InnoDB AUTO_INCREMENT=101 DEFAULT CHARSET=utf8 COLLATE=utf8_unicode_ci COMMENT='лайки к контенту';

INSERT INTO `likes` VALUES ('1','1','1','1981-07-22 12:33:52'),
('2','2','2','1989-12-30 02:17:06'),
('3','3','3','1972-03-29 06:29:57'),
('4','4','4','1980-11-08 11:32:17'),
('5','5','5','1984-02-02 09:02:33'),
('6','6','6','1992-01-02 06:04:06'),
('7','7','7','1991-12-15 05:13:16'),
('8','8','8','2001-02-25 09:00:11'),
('9','9','9','1991-05-02 19:52:44'),
('10','10','10','2017-08-27 14:46:17'),
('11','11','11','2015-08-24 15:37:06'),
('12','12','12','1976-11-21 09:06:16'),
('13','13','13','2019-04-22 05:54:17'),
('14','14','14','2001-01-22 03:58:23'),
('15','15','15','1988-07-08 03:39:38'),
('16','16','16','1981-11-25 02:25:14'),
('17','17','17','2000-11-08 23:30:48'),
('18','18','18','2007-07-09 03:08:37'),
('19','19','19','2004-01-25 03:58:03'),
('20','20','20','2018-10-18 13:52:55'),
('21','21','21','1982-02-17 00:58:01'),
('22','22','22','1994-01-08 01:19:25'),
('23','23','23','1987-10-29 20:12:36'),
('24','24','24','1998-01-05 03:58:18'),
('25','25','25','1975-01-05 04:23:35'),
('26','26','26','1985-06-12 19:37:34'),
('27','27','27','1988-03-09 19:18:38'),
('28','28','28','2000-07-31 01:40:41'),
('29','29','29','1970-12-22 09:35:25'),
('30','30','30','1974-12-03 01:39:31'),
('31','31','31','2009-07-25 19:58:04'),
('32','32','32','1970-09-07 11:30:12'),
('33','33','33','1975-12-24 06:51:09'),
('34','34','34','1978-08-26 12:36:25'),
('35','35','35','1999-01-26 00:04:02'),
('36','36','36','1974-06-19 11:10:47'),
('37','37','37','2007-03-06 05:56:32'),
('38','38','38','1971-11-02 10:32:05'),
('39','39','39','2001-04-16 07:08:15'),
('40','40','40','1977-09-01 00:25:37'),
('41','41','41','2000-08-05 10:28:11'),
('42','42','42','2008-11-07 11:56:50'),
('43','43','43','1984-05-16 18:09:15'),
('44','44','44','1977-05-08 02:42:02'),
('45','45','45','2001-10-21 23:11:26'),
('46','46','46','1979-09-09 03:50:58'),
('47','47','47','1975-04-23 14:06:08'),
('48','48','48','1995-10-06 09:01:00'),
('49','49','49','2010-02-15 08:03:46'),
('50','50','50','1992-11-02 16:31:41'),
('51','51','51','1999-12-26 23:00:15'),
('52','52','52','1992-07-17 13:00:04'),
('53','53','53','1980-03-27 10:51:15'),
('54','54','54','1991-01-20 15:34:54'),
('55','55','55','1977-09-12 06:25:32'),
('56','56','56','1981-12-30 10:49:29'),
('57','57','57','2003-01-29 06:42:00'),
('58','58','58','2007-09-09 13:01:10'),
('59','59','59','2016-09-17 01:50:21'),
('60','60','60','1983-07-23 10:03:49'),
('61','61','61','2016-07-10 19:36:11'),
('62','62','62','1971-04-14 09:58:52'),
('63','63','63','2004-11-30 17:17:01'),
('64','64','64','1999-11-16 19:44:29'),
('65','65','65','2010-07-06 01:21:19'),
('66','66','66','1981-12-27 16:24:23'),
('67','67','67','1971-11-02 11:01:22'),
('68','68','68','2017-09-15 08:46:41'),
('69','69','69','2009-07-17 13:44:38'),
('70','70','70','2006-05-21 17:21:44'),
('71','71','71','1996-08-03 22:30:19'),
('72','72','72','1974-09-14 18:25:32'),
('73','73','73','1992-05-22 18:01:43'),
('74','74','74','2018-08-23 19:13:24'),
('75','75','75','1981-06-03 17:25:01'),
('76','76','76','2003-11-20 05:11:38'),
('77','77','77','1983-08-14 05:35:48'),
('78','78','78','2012-03-27 17:32:10'),
('79','79','79','1981-02-25 19:34:19'),
('80','80','80','1994-04-05 09:07:23'),
('81','81','81','2010-07-28 05:43:28'),
('82','82','82','2005-06-19 16:12:00'),
('83','83','83','1985-01-11 18:20:46'),
('84','84','84','1999-07-27 12:30:29'),
('85','85','85','2009-08-11 13:51:27'),
('86','86','86','2015-06-10 05:19:45'),
('87','87','87','1976-06-02 23:12:12'),
('88','88','88','2011-12-14 11:08:31'),
('89','89','89','1972-04-11 03:08:48'),
('90','90','90','1998-11-19 02:57:00'),
('91','91','91','1986-04-10 07:48:45'),
('92','92','92','1972-05-27 23:41:32'),
('93','93','93','1978-12-25 13:53:29'),
('94','94','94','1978-07-28 22:02:51'),
('95','95','95','1983-11-04 04:10:49'),
('96','96','96','2002-08-14 02:20:33'),
('97','97','97','1997-12-18 15:38:00'),
('98','98','98','2008-05-14 01:04:40'),
('99','99','99','1970-06-15 04:58:40'),
('100','100','100','2000-09-14 08:21:19'); 


DROP TABLE IF EXISTS `media`;
CREATE TABLE `media` (
  `id` bigint(20) unsigned NOT NULL AUTO_INCREMENT,
  `user_id` bigint(20) unsigned NOT NULL COMMENT 'идентификатор пользователя создавшего контент',
  `body` text COLLATE utf8_unicode_ci DEFAULT NULL,
  `filename` varchar(255) COLLATE utf8_unicode_ci DEFAULT NULL COMMENT 'название файла контента',
  `metadata` longtext CHARACTER SET utf8mb4 COLLATE utf8mb4_bin DEFAULT NULL COMMENT 'метаданные файла' CHECK (json_valid(`metadata`)),
  `media_type_id` bigint(20) unsigned NOT NULL,
  `created_at` datetime DEFAULT current_timestamp(),
  UNIQUE KEY `id` (`id`),
  KEY `user_id` (`user_id`),
  KEY `media_type_id` (`media_type_id`),
  CONSTRAINT `media_ibfk_1` FOREIGN KEY (`user_id`) REFERENCES `users` (`id`),
  CONSTRAINT `media_ibfk_2` FOREIGN KEY (`media_type_id`) REFERENCES `media_types` (`id`)
) ENGINE=InnoDB AUTO_INCREMENT=101 DEFAULT CHARSET=utf8 COLLATE=utf8_unicode_ci;

INSERT INTO `media` VALUES ('1','1','Quam et culpa alias excepturi tenetur ipsam dolores. Qui molestiae officia amet neque eaque quo. Ut reiciendis repellat mollitia sequi. Architecto dicta eligendi commodi itaque ullam laboriosam voluptate. Id quam ab dolorem corporis.','dicta',NULL,'1','1977-10-27 17:29:11'),
('2','2','Laborum et unde qui aspernatur. Minus doloremque velit et est amet in.','odit',NULL,'2','2009-03-26 07:40:39'),
('3','3','Quaerat impedit temporibus minima veniam quas. Et est enim corrupti qui. Fuga fugiat eum perspiciatis. Magni vel distinctio quo qui.','expedita',NULL,'3','1984-02-01 19:58:50'),
('4','4','Dolore eum asperiores aut dolor et accusantium voluptas. Quis ut voluptas minus incidunt sed enim a. Dignissimos aut saepe sunt omnis ut.','magni',NULL,'4','1991-09-07 11:44:21'),
('5','5','Sequi eos unde explicabo fugit quas. Perferendis minima ipsam mollitia voluptatum consequatur mollitia dicta dolor. Minima quis ex debitis ad perspiciatis tenetur atque.','quibusdam',NULL,'1','1982-02-08 12:50:09'),
('6','6','Fugit vero aliquam quia rerum. Rem corrupti voluptatibus voluptatum ut assumenda iste atque. Aut aut rerum enim itaque sed ad. Eveniet magni quia laudantium tempora nesciunt ut.','velit',NULL,'2','2005-08-20 06:59:13'),
('7','7','Vitae sunt voluptatem mollitia soluta nam. Sint ratione laborum quaerat eius placeat repellat. Vero odio porro aspernatur et.','natus',NULL,'3','2009-01-04 06:11:55'),
('8','8','Vel accusamus sapiente voluptatem. Dolorem quia cumque cupiditate rerum sunt vel rem nihil. Molestias corrupti eius occaecati. Maiores cumque odio quae aut sit natus qui.','consequatur',NULL,'4','1980-05-02 01:19:27'),
('9','9','Eveniet sit impedit voluptatem. Qui rem doloremque voluptatum est nemo. Consequatur pariatur eaque excepturi nesciunt numquam quia. Dicta et nam quis sunt voluptatibus.','voluptatibus',NULL,'1','1996-11-16 09:19:46'),
('10','10','Sed sapiente autem ut excepturi alias. Nobis iure maiores asperiores commodi sint voluptatibus. Itaque qui blanditiis ab facilis. Dolores sunt ut sit tempora. Sequi quia ad dolores tenetur velit enim.','explicabo',NULL,'2','1995-03-10 07:49:02'),
('11','11','Adipisci modi repellendus laudantium in quo ut. Dolorum minima est illo voluptate. Et ad sequi minima dolorum voluptas ut.','eum',NULL,'3','1985-05-07 04:43:02'),
('12','12','Voluptatum doloremque impedit adipisci eveniet. Amet et perspiciatis aut qui sint reiciendis beatae. Ex sit porro architecto repellat. Quos asperiores atque suscipit.','vel',NULL,'4','1989-07-28 08:16:27'),
('13','13','Reiciendis esse officiis voluptates. Odio et natus ab consequatur. Eum odio ut corrupti eum odio.','at',NULL,'1','1973-08-22 23:08:00'),
('14','14','Blanditiis animi non in expedita tenetur vel. Nobis dolor quis sunt ut qui non.','molestias',NULL,'2','2013-10-06 16:59:32'),
('15','15','In unde exercitationem facilis doloribus adipisci quibusdam. Perferendis voluptatibus non architecto consectetur laudantium qui ullam velit. Aut ab aut vel.','accusamus',NULL,'3','2001-03-06 08:16:29'),
('16','16','Quia tenetur doloribus dicta eaque illo tempore et. Laudantium eius necessitatibus necessitatibus aut porro quod. Fugit quod placeat maxime velit rem commodi dolore et.','unde',NULL,'4','1992-05-30 16:49:36'),
('17','17','Doloremque aliquam similique dolor dolore et. Ut non vero necessitatibus quis quia facilis optio. Illo incidunt eveniet consequatur tenetur earum unde. Quaerat quia quaerat quidem tempora eveniet quia.','animi',NULL,'1','2016-11-20 04:00:11'),
('18','18','Ullam impedit recusandae et ad. Dolorum inventore praesentium nam nesciunt. Laborum alias rerum architecto. Temporibus error molestiae ut placeat sed minima.','reprehenderit',NULL,'2','1980-07-06 01:16:23'),
('19','19','Est et aut nihil repudiandae nulla. Sint aliquam nemo et animi. Facere aperiam voluptas ipsa maxime assumenda.','incidunt',NULL,'3','1971-02-02 23:38:58'),
('20','20','Eos perspiciatis voluptas optio in aut distinctio. Nobis quam aut odit.','maxime',NULL,'4','2005-01-16 23:44:36'),
('21','21','Incidunt voluptate voluptatem aut rerum rerum ad. Facilis nemo sed odio quia ut fugit est tenetur. Et ducimus odio adipisci laudantium saepe dignissimos perferendis repellat. Dolor totam tempore placeat voluptatibus tempora reprehenderit.','facilis',NULL,'1','1982-09-19 18:01:51'),
('22','22','Magnam ipsa culpa laudantium fuga delectus. Qui id omnis dolorum. Omnis voluptatem aperiam at aut. Ea labore nihil pariatur saepe quasi eveniet odio harum.','omnis',NULL,'2','1976-12-11 13:28:54'),
('23','23','Est earum qui nemo ea deserunt molestias. Ut aut qui molestiae dolores consequatur accusamus eaque. Omnis aperiam voluptatem cumque possimus.','id',NULL,'3','2010-03-23 12:01:21'),
('24','24','Rerum explicabo dolor harum neque velit perferendis ea. Unde voluptatem minus eos sed aut eaque. Ut quia ad quia assumenda aut.','ut',NULL,'4','2004-01-30 01:01:40'),
('25','25','Aperiam deleniti porro est ratione ut eaque. Error totam accusamus ut non et explicabo. Optio quod id sequi totam recusandae omnis quasi aperiam.','ipsum',NULL,'1','2012-03-17 23:03:43'),
('26','26','Reiciendis delectus necessitatibus sed enim aut aperiam fugit. Quidem et velit ipsum rerum et eum. Sed eum praesentium expedita sit adipisci accusantium. Et ut exercitationem voluptatem quo et doloremque nesciunt.','aut',NULL,'2','1994-03-24 04:35:26'),
('27','27','Dolorem distinctio nesciunt dignissimos et dolorem. Distinctio vitae doloremque consequuntur officia. Eos ut quae aut saepe odit omnis. Neque fugit nostrum expedita veritatis repudiandae saepe.','officiis',NULL,'3','1997-10-16 08:08:46'),
('28','28','Consectetur qui placeat voluptas quia dolores repellat. Dolorum aliquid impedit consequatur enim repellat qui. Molestias quia distinctio vero eos. Omnis molestias omnis qui ut commodi rerum molestiae aut.','sed',NULL,'4','2015-07-22 08:50:39'),
('29','29','Blanditiis sequi aspernatur qui voluptate illum ea ea. Molestiae sint sint quo maxime dolorem ducimus voluptatum. Nesciunt aut veritatis dolorem impedit quia.','aut',NULL,'1','1975-06-24 11:52:43'),
('30','30','Velit aliquid asperiores modi vel. Error ullam enim quia sit. Iste minus ipsum voluptate.','qui',NULL,'2','2011-07-04 09:53:32'),
('31','31','Qui non iure veritatis repudiandae doloremque sit. Beatae totam soluta atque optio. Sed quidem quod et qui repellat eos ut. Quisquam assumenda molestias nulla vel est.','ea',NULL,'3','2014-06-27 13:32:01'),
('32','32','Illum mollitia animi autem aut laudantium. Aut asperiores consectetur sed enim vel rem corrupti. Laudantium aliquam culpa sed nemo.','in',NULL,'4','1978-02-02 12:15:10'),
('33','33','Ducimus cumque vitae soluta adipisci. Cupiditate saepe doloremque ratione itaque sit itaque non. Optio quaerat aut explicabo totam omnis placeat.','nemo',NULL,'1','1977-08-28 04:57:35'),
('34','34','Adipisci aliquid velit distinctio nobis velit quis sed praesentium. Id autem qui est eligendi dolorum. Aperiam minima ratione odio optio corrupti exercitationem sint.','rerum',NULL,'2','1999-06-10 00:27:41'),
('35','35','Minima in dolor nulla alias. Officia debitis consequatur ipsa dolor. At asperiores dicta necessitatibus qui nihil excepturi. Praesentium eos eum vel magnam asperiores asperiores.','et',NULL,'3','1986-12-13 21:14:05'),
('36','36','Modi eos adipisci cupiditate. Repellat harum maxime nostrum suscipit in quos minus. Amet omnis numquam omnis corporis tempore.','cupiditate',NULL,'4','1976-05-11 19:59:41'),
('37','37','Necessitatibus unde provident consequatur. Quae saepe alias dignissimos quisquam mollitia reiciendis quam. Voluptas et numquam est rem natus. Et occaecati fugit et sit aut qui pariatur.','quibusdam',NULL,'1','1981-03-15 00:41:19'),
('38','38','Eum consequatur a sint a. Dolorem non unde molestias aut eius a. Vero beatae odit consequatur et eveniet quia.','fugit',NULL,'2','2016-08-10 10:47:18'),
('39','39','Et harum nobis corrupti nostrum. Cupiditate voluptas tempora quia et. Quisquam sed quam dolor assumenda architecto.','tenetur',NULL,'3','2017-01-14 16:01:19'),
('40','40','Hic laudantium saepe rerum. Qui eos vero voluptatum blanditiis sequi repellendus doloremque. Ut quae adipisci et at quis non autem. Qui qui dolorum consequuntur quasi.','ab',NULL,'4','1999-09-22 08:26:58'),
('41','41','Dolorem tenetur porro consectetur voluptas non. Rerum tempora corrupti fuga autem et. Molestiae illo fugit id qui fugit aspernatur itaque.','natus',NULL,'1','1981-08-09 16:47:19'),
('42','42','Et officia facere fugiat quos hic eum optio. At aut aut eaque est accusamus dolorem necessitatibus. Aut ut sed et optio.','odit',NULL,'2','1970-08-26 20:36:24'),
('43','43','Quae quas et nobis harum rerum. Quo ut aut sint et consequatur eveniet. Laboriosam rerum sunt est eos dolore. Voluptas amet cum eligendi molestiae quisquam dolore.','asperiores',NULL,'3','1989-02-12 11:38:14'),
('44','44','Sed cum libero necessitatibus non. Odit perspiciatis illum itaque rerum rerum. Eum et et autem nam ratione ea molestias. Tempore hic voluptatem perspiciatis unde.','dolor',NULL,'4','2005-03-20 23:33:37'),
('45','45','Aliquid ipsam magnam quae veniam cumque. Nihil repudiandae suscipit aperiam rerum. Dicta inventore quo non id numquam autem quo. Quam ab minima et error qui quia iusto.','dolor',NULL,'1','2012-03-02 13:45:52'),
('46','46','Qui quas ut et et facilis quod. Rerum corrupti dolorem doloribus et.','odio',NULL,'2','2016-01-01 11:00:14'),
('47','47','In nihil in ex et. Voluptatum consequatur amet voluptatum molestias magnam rerum. Perspiciatis nulla earum perspiciatis aut quos ut.','ut',NULL,'3','1985-05-26 07:27:51'),
('48','48','Quisquam culpa mollitia tenetur vel provident nemo cum ab. Tenetur rem possimus esse quae. Quis tenetur est et debitis nobis voluptas veritatis. Et et delectus qui quod.','libero',NULL,'4','2005-04-29 18:35:53'),
('49','49','Non itaque commodi est dolor. Aspernatur quidem praesentium dolorem ut et qui molestias consequatur. Autem ut enim magni voluptatem optio. Corporis omnis est numquam dolorem ut fugit impedit voluptatem.','non',NULL,'1','1987-07-14 01:24:00'),
('50','50','Sed sit voluptas quia inventore sed. Rem omnis sunt beatae sit qui possimus vero. Nemo porro doloremque earum laudantium.','eligendi',NULL,'2','1981-06-20 21:27:49'),
('51','51','Accusamus nihil molestiae tempora ut. Consequatur consequatur omnis magni veritatis mollitia ut. Est neque doloribus facere voluptatibus ut.','fuga',NULL,'3','1992-10-07 00:01:18'),
('52','52','Porro quam ut ut libero labore voluptates eaque ut. Quibusdam in molestiae voluptatem voluptatem. Eligendi rerum magnam assumenda unde est id est.','eius',NULL,'4','1990-06-08 06:33:13'),
('53','53','Eius perspiciatis repellendus ea et. Debitis autem qui vero eius architecto recusandae omnis eaque. Aut rerum rerum nemo nostrum. Qui consectetur qui ut consequuntur sapiente sequi nam.','non',NULL,'1','1972-11-13 02:48:11'),
('54','54','Occaecati qui aut molestias nostrum repellendus sint quaerat consequatur. Harum voluptas aperiam reprehenderit totam illo consequuntur harum. Voluptates aspernatur dolores ad quasi tenetur voluptas voluptas assumenda. Ut quam odit aut omnis dolore.','ut',NULL,'2','2004-08-18 13:15:10'),
('55','55','Dignissimos consectetur modi quis tempora non. Cum ut beatae deleniti omnis blanditiis. Nesciunt nihil autem labore et quia quisquam aliquid. Dicta doloribus impedit velit est.','eligendi',NULL,'3','2004-04-02 13:44:14'),
('56','56','Necessitatibus sit voluptate sit autem. Voluptatem rerum et natus earum. Suscipit quisquam ab asperiores nihil rerum aliquam reiciendis. Voluptatem natus maxime quisquam tempore dolor.','cupiditate',NULL,'4','1984-08-23 16:49:23'),
('57','57','Aperiam provident iure quia autem. Sunt facilis aperiam dicta dignissimos. Sit molestiae debitis aspernatur sapiente sapiente et. Magnam hic quaerat reprehenderit debitis distinctio.','error',NULL,'1','1980-07-01 17:37:06'),
('58','58','Id ad quos laboriosam corporis incidunt. Et voluptate assumenda sit sint quasi vel distinctio at. Officia praesentium aperiam vel sunt eum. Ab accusamus tempore quis architecto.','laudantium',NULL,'2','1993-11-08 13:33:08'),
('59','59','Fuga laudantium culpa voluptatibus. Nam maxime voluptatem a totam. Sit numquam modi est voluptate sint cupiditate velit eius.','repellat',NULL,'3','2013-07-26 05:01:05'),
('60','60','Saepe eum commodi rem rerum repellendus. Maxime temporibus optio doloribus accusamus dolores perspiciatis aliquam. Dolores omnis eos et minus quasi dignissimos.','laboriosam',NULL,'4','2009-01-31 08:24:33'),
('61','61','In placeat ea qui commodi eligendi. Vel sed beatae unde sit occaecati distinctio voluptate. Praesentium dignissimos enim cupiditate est. Laudantium ipsam ipsam culpa est at aut.','est',NULL,'1','1973-02-09 21:22:55'),
('62','62','Iure in quam saepe eos. Molestiae aut quasi earum ea. Eum et sed aliquid sed dolorem. Veniam maxime eos temporibus earum reiciendis.','consectetur',NULL,'2','2016-06-13 18:33:51'),
('63','63','Nisi possimus sit eius in eos officiis. Enim iure quia aut minus sit odio voluptas. Aut aut non eaque hic qui voluptatum.','est',NULL,'3','1983-02-24 11:03:48'),
('64','64','Pariatur accusantium earum error aut deleniti eaque. Alias consectetur voluptatem totam quo reprehenderit tenetur. Eveniet quisquam aliquid nesciunt id occaecati explicabo. Dolorem odio labore autem omnis ut enim.','veniam',NULL,'4','1989-05-08 14:54:46'),
('65','65','Esse aut atque iste deserunt. Aut qui et et error minima dolores nihil aut. Assumenda quod quos alias quaerat facilis.','ea',NULL,'1','2006-11-21 23:16:29'),
('66','66','Sapiente quidem perferendis numquam dolore. Et dignissimos quia est tenetur nihil quia. Dignissimos tempora occaecati iste nisi. Praesentium harum repellendus quis nam.','sit',NULL,'2','1996-06-25 15:24:46'),
('67','67','Error ipsum similique quod officia quia sed assumenda. Dolorum architecto et sit occaecati a rerum. Eum quis officia suscipit dolorem illum maiores praesentium optio.','rerum',NULL,'3','2003-05-11 08:27:25'),
('68','68','Dolores repellendus dolores rerum sequi aspernatur. Culpa vel quis et in provident nulla. Ut aut pariatur aut nemo debitis voluptatem facilis. Est atque et quia animi temporibus cum.','suscipit',NULL,'4','2016-04-02 06:45:35'),
('69','69','Est doloribus at temporibus velit ipsam. Qui nesciunt est nemo tenetur qui tempore quidem. Nesciunt doloribus eaque blanditiis iusto cum quis illo voluptatem.','pariatur',NULL,'1','1971-06-06 22:06:38'),
('70','70','Aut sunt doloremque sed minima. Consectetur architecto et natus facere. Sint odit aperiam omnis in modi aliquam. Modi impedit optio et officia est illum quasi.','aut',NULL,'2','2015-05-02 21:42:09'),
('71','71','Facere expedita et at atque vel molestias provident qui. Voluptatum delectus asperiores laborum ut quia debitis praesentium. Ut aut provident consequuntur.','enim',NULL,'3','1977-03-26 01:10:01'),
('72','72','Quas et rerum et aperiam in blanditiis. Qui quia autem quo repellendus sapiente non. Reprehenderit veniam accusamus in porro quibusdam saepe minus necessitatibus.','ea',NULL,'4','1995-04-04 13:46:53'),
('73','73','Natus tempore impedit quia. Sint quam ea velit non nulla optio qui aspernatur. Dolorem tempora voluptatem harum sunt eaque quos. Odio saepe eligendi maiores sint vero velit rerum. Autem atque sit sunt et exercitationem non sunt perferendis.','in',NULL,'1','1992-08-21 12:46:04'),
('74','74','Odio excepturi doloremque in tempora distinctio modi. Molestiae sed facilis necessitatibus provident est quis. Id voluptates qui eum optio magni ut autem. Ut reprehenderit sit maxime dolorem vitae quis provident.','sit',NULL,'2','1977-02-08 08:28:15'),
('75','75','In voluptate officiis omnis qui pariatur. Fugit voluptates quas et earum voluptates blanditiis quia qui. Repellat iste aut provident earum at quas consectetur.','aliquam',NULL,'3','1994-10-09 07:59:46'),
('76','76','Laudantium accusantium dolorem voluptatem. Vitae reiciendis eligendi provident eveniet ut consequuntur recusandae. Numquam perspiciatis soluta consequuntur sed optio.','culpa',NULL,'4','1976-03-03 02:13:50'),
('77','77','Sed architecto exercitationem reprehenderit explicabo laboriosam aliquam. Eligendi aut magni totam sunt saepe. Earum repudiandae consequatur expedita sapiente et asperiores. Sed fugit neque ipsum autem odio sequi.','deserunt',NULL,'1','1977-08-09 04:44:54'),
('78','78','Molestiae corrupti velit dolorem consequatur quis explicabo. Consequuntur eum corrupti aperiam modi in modi. Laborum harum at veritatis animi. Molestias omnis laboriosam est voluptates.','voluptatem',NULL,'2','1994-05-05 10:53:25'),
('79','79','Sequi expedita consequuntur accusantium sit repudiandae consequatur tempora. Atque nulla in quaerat quia. Veniam in quibusdam earum recusandae et. Laborum amet sapiente beatae quia.','ut',NULL,'3','1985-07-24 23:25:34'),
('80','80','Vero officiis sit molestiae aliquid blanditiis voluptatem. Ea eligendi consequatur vero. Et in eveniet esse consectetur dolorem quis. Velit sit vel eum dolore.','non',NULL,'4','2016-03-05 20:30:49'),
('81','81','Illo facilis quo eaque voluptate asperiores cum eos illo. Perspiciatis et dicta ab deleniti ut quia architecto voluptatem. Reprehenderit repudiandae dignissimos fuga in.','sed',NULL,'1','1973-10-31 10:48:47'),
('82','82','Rerum et dolore ut illo. Quia quo esse fugiat itaque. Fuga aut voluptatibus voluptatem consequuntur omnis alias ea dolor. Officia eum aut aut voluptatem.','sint',NULL,'2','1978-12-08 13:01:32'),
('83','83','Possimus quia aperiam cum vero est necessitatibus est. Veniam rerum a vero dolores. Et est sed voluptas ea quis labore.','reiciendis',NULL,'3','1986-03-22 20:59:27'),
('84','84','Blanditiis numquam vitae id illo rerum ex autem quia. Ea qui deserunt aut necessitatibus recusandae ducimus. Amet quam est sit praesentium ut incidunt. Optio consequatur ea recusandae cupiditate voluptatem.','blanditiis',NULL,'4','1998-04-02 15:10:43'),
('85','85','Voluptates veniam optio quibusdam illo fuga. Amet vero ullam asperiores mollitia repellendus vel. Accusamus qui dolores qui qui labore optio tenetur.','voluptatem',NULL,'1','2016-09-05 21:20:01'),
('86','86','Sunt nihil enim quisquam qui quia. Rerum molestiae et et et accusamus dolorum. Sunt itaque minus error est. Adipisci minus ducimus non atque.','nesciunt',NULL,'2','2014-01-23 14:14:53'),
('87','87','Neque provident eos deserunt ex cum. Recusandae ducimus magni voluptatem veniam id. Enim rem quisquam eos quam dolor. Sapiente molestiae velit autem neque aut cupiditate id.','impedit',NULL,'3','1990-12-21 06:50:11'),
('88','88','Aut eum enim nam eum exercitationem et. Voluptate quisquam voluptates est pariatur deserunt ut natus. Harum quidem molestiae magnam quia consequatur architecto impedit. Et molestiae aut placeat blanditiis.','dolor',NULL,'4','1995-11-20 07:35:13'),
('89','89','At nisi nostrum minima voluptates ipsam distinctio. Deserunt ea voluptatem dolorem nihil veritatis molestias. Autem eveniet expedita porro dolorem reprehenderit et consectetur.','quo',NULL,'1','1983-02-24 00:08:40'),
('90','90','Voluptas exercitationem velit odio exercitationem modi blanditiis qui. Facilis et et inventore consequuntur. Similique amet est reiciendis et voluptates. Dolorem possimus dolor ea harum necessitatibus laborum tempore. Eveniet quia consequuntur explicabo enim consequatur excepturi.','vel',NULL,'2','2017-06-29 04:10:01'),
('91','91','Dignissimos et eaque nihil aliquam consequatur ut ut quia. Ut voluptatem qui atque quam. Porro minus eius dolorem ut enim. Velit ut porro repudiandae quibusdam.','ratione',NULL,'3','1971-11-19 18:31:08'),
('92','92','Et facilis rem eos omnis. Dignissimos dolor dolorem autem omnis sit eius aliquam. Ea sit voluptate voluptates et ullam.','autem',NULL,'4','1983-10-16 13:08:25'),
('93','93','Inventore vel nihil molestiae nihil. Ipsam necessitatibus dolorem quidem qui harum. Necessitatibus ut voluptate ad enim qui deserunt hic ea. Nulla est natus suscipit quidem corrupti voluptatem unde.','qui',NULL,'1','2015-01-08 21:01:03'),
('94','94','Ullam aut dignissimos officiis pariatur voluptatibus ratione laborum. Eos eum officia vel ab error. Reprehenderit aut repellendus id aspernatur. Enim facilis perspiciatis dolorem quia.','quisquam',NULL,'2','2004-09-11 11:13:54'),
('95','95','Molestiae numquam dicta nobis ut repellendus earum sint. Enim sint distinctio blanditiis expedita rem officia enim.','ut',NULL,'3','1999-04-19 01:59:12'),
('96','96','Atque voluptas ut sapiente ex. Voluptates modi maiores quam unde dolorum qui. Omnis vero corrupti sunt animi ratione accusantium.','dolorem',NULL,'4','2005-12-18 22:34:21'),
('97','97','Est excepturi quia quisquam a suscipit in ipsam. Aut fuga sunt aut cum et temporibus. Minima rerum autem quia aut in quasi at.','saepe',NULL,'1','1997-08-28 23:05:13'),
('98','98','Eum ut soluta culpa eum harum aut. Officia fugiat alias ea ut id sapiente eaque aliquam. Sit id corporis qui sit.','sed',NULL,'2','1996-03-12 18:46:53'),
('99','99','Aliquid excepturi excepturi vel aut doloremque. Hic quos magni voluptatem atque.','qui',NULL,'3','1996-02-12 00:06:56'),
('100','100','Ut dicta sed voluptatem eum. Et perspiciatis qui culpa odio iusto. Numquam illum rerum optio rerum dolores molestiae in non. Dolores officiis dolorem ratione quasi ea.','quae',NULL,'4','1987-12-05 23:37:08'); 


DROP TABLE IF EXISTS `media_types`;
CREATE TABLE `media_types` (
  `id` bigint(20) unsigned NOT NULL AUTO_INCREMENT,
  `name` varchar(255) COLLATE utf8_unicode_ci DEFAULT NULL,
  UNIQUE KEY `id` (`id`)
) ENGINE=InnoDB AUTO_INCREMENT=5 DEFAULT CHARSET=utf8 COLLATE=utf8_unicode_ci COMMENT='для учебных целей табличка с типами контанта';

INSERT INTO `media_types` VALUES ('1','aliquam'),
('2','sit'),
('3','molestias'),
('4','ut'); 


DROP TABLE IF EXISTS `messages`;
CREATE TABLE `messages` (
  `id` bigint(20) unsigned NOT NULL AUTO_INCREMENT,
  `from_user_id` bigint(20) unsigned NOT NULL,
  `to_user_id` bigint(20) unsigned NOT NULL,
  `body` text COLLATE utf8_unicode_ci DEFAULT NULL COMMENT 'тело сообщения',
  `created_at` datetime DEFAULT current_timestamp() COMMENT 'дата создания сообщений',
  UNIQUE KEY `id` (`id`),
  KEY `from_user_id` (`from_user_id`),
  KEY `to_user_id` (`to_user_id`),
  CONSTRAINT `messages_ibfk_1` FOREIGN KEY (`from_user_id`) REFERENCES `users` (`id`),
  CONSTRAINT `messages_ibfk_2` FOREIGN KEY (`to_user_id`) REFERENCES `users` (`id`)
) ENGINE=InnoDB AUTO_INCREMENT=101 DEFAULT CHARSET=utf8 COLLATE=utf8_unicode_ci;

INSERT INTO `messages` VALUES ('1','1','1','Amet et enim quia eos eligendi dolore velit quo. Est ea animi sed voluptate. Consectetur unde et architecto reprehenderit ut quod. Occaecati corporis rerum nihil commodi est.','1975-05-04 11:46:48'),
('2','2','2','Aut qui officiis quis atque. Quasi suscipit praesentium expedita aut enim ut soluta. Dolor quibusdam sint aut id. Pariatur nesciunt voluptas perferendis consequatur.','2012-03-31 02:52:50'),
('3','3','3','Enim qui deleniti sequi est incidunt voluptate. Neque eligendi quia accusamus labore quibusdam eius laudantium. Eius et et dignissimos et aliquid alias ipsam.','1988-12-08 14:33:14'),
('4','4','4','Excepturi nesciunt tenetur autem voluptatum et non. Aliquid qui unde deleniti sit. Ipsum expedita iste sunt adipisci id sit sunt.','1982-04-10 05:06:18'),
('5','5','5','A odit molestiae aliquam rem culpa aut. Nesciunt libero minus occaecati nobis soluta.','2019-12-16 00:16:14'),
('6','6','6','Ipsum ea libero quasi id hic omnis aut. Veniam quia beatae dicta repellat. Iure officiis in explicabo dicta. Sit molestiae aperiam recusandae id aliquam necessitatibus explicabo.','1998-10-19 20:29:12'),
('7','7','7','Tenetur iure nesciunt atque delectus neque. Cum voluptatem autem ab corrupti sed consectetur molestias velit. Optio labore sint sunt reprehenderit illo.','1998-06-18 19:32:43'),
('8','8','8','Et eligendi et qui commodi ea libero dolore perspiciatis. Laborum ducimus perferendis temporibus dolorem quod repudiandae odio. Sed doloribus illo perspiciatis omnis magnam itaque in. Incidunt quae vitae eos quibusdam quis maxime.','2008-06-10 02:31:54'),
('9','9','9','Rerum et nam voluptatem ad consequuntur. Debitis sint asperiores unde similique eaque.','1974-06-17 00:12:05'),
('10','10','10','Sunt a commodi eos magnam iusto adipisci. Dolorum ipsam aut est enim quod aut neque pariatur. Sunt animi consequuntur sit ab voluptatem officia.','1996-02-20 10:58:13'),
('11','11','11','Autem labore nihil sapiente. Ipsum qui consectetur voluptas earum. Facere earum modi officia nihil aut. Consectetur quo sit blanditiis.','1986-01-03 16:59:08'),
('12','12','12','Ducimus molestiae quia odit quia aut in exercitationem. Repudiandae corporis et quos vel ex quisquam itaque dolor. Omnis quia consequatur sit at labore rerum enim. Ut quod provident numquam.','1995-07-15 14:09:13'),
('13','13','13','Sit repellat recusandae similique omnis ea aut quia molestias. Quo aut mollitia et asperiores asperiores. Maxime qui et quas asperiores aut vero adipisci.','2001-03-11 15:37:37'),
('14','14','14','Iure illum velit voluptatum et. Iusto necessitatibus nostrum optio provident dolores molestiae sed. In recusandae iusto pariatur. Nam iusto autem ex. Consequatur totam ut deleniti labore quasi ut.','1975-03-06 11:42:05'),
('15','15','15','Ut provident ea magnam ea. At earum iure et fuga saepe alias. Et nihil omnis quis cumque doloremque.','2015-09-26 07:44:50'),
('16','16','16','Impedit at expedita quam. Distinctio et ullam voluptas et. Rerum aut animi saepe ex et magni id. Adipisci sint laborum omnis sint. Porro quos veritatis qui qui fuga.','2012-09-07 18:13:42'),
('17','17','17','Magni ducimus rem assumenda excepturi. Ut magnam eum temporibus et laborum. Et aut voluptatum qui itaque.','1976-10-01 05:43:58'),
('18','18','18','Dolor est sapiente id explicabo sit voluptas. Omnis ea quia libero accusantium velit nihil.','2016-06-29 09:24:05'),
('19','19','19','Vitae eum blanditiis aspernatur repudiandae. Non quos repellat at. Laudantium non non autem. Aut rerum est eos dolore.','1973-10-27 12:07:09'),
('20','20','20','Sit rem ut ea quasi. In dolor expedita ipsam maxime enim laborum.','1973-06-10 01:51:37'),
('21','21','21','Voluptatibus et sed sed inventore id asperiores. Deserunt similique quibusdam cumque ut similique. Consequatur illo fugiat mollitia hic reiciendis.','1997-03-03 23:49:48'),
('22','22','22','Tempore excepturi necessitatibus omnis. Est sunt et iure repudiandae impedit nostrum. Et ut iusto harum repellendus aut doloribus aut. Natus veniam culpa est molestiae blanditiis. Odit tempora ut officia omnis illum nostrum.','1971-01-28 03:13:03'),
('23','23','23','Aliquam impedit quam autem praesentium. Rerum dignissimos corporis praesentium quia modi commodi aut. Quia est voluptatem nam quas sit.','2001-01-23 02:00:36'),
('24','24','24','Fugit ut quaerat assumenda accusamus quam. Corrupti blanditiis laudantium sint temporibus deleniti. Ut dignissimos et quae quod quis dolore ad.','2020-01-22 17:45:11'),
('25','25','25','Suscipit reiciendis architecto unde cumque. Molestiae recusandae minus totam possimus laborum. Sed qui rem voluptatum iusto assumenda sequi.','1986-02-21 15:36:55'),
('26','26','26','Et qui consequuntur velit a. Quae quaerat laudantium aut officia voluptates. Voluptatem earum ut sed eligendi esse laudantium ut.','1975-03-13 20:36:09'),
('27','27','27','Sunt architecto cumque quia voluptate laudantium sunt quae alias. Delectus fugiat fuga autem ullam voluptas nisi. Hic ad atque dolorem enim ullam atque. Amet provident distinctio in nihil.','1972-01-11 12:11:49'),
('28','28','28','Hic rerum aut dicta voluptate doloribus nulla neque. Aliquam autem voluptatibus atque eos aut adipisci. Et ab assumenda blanditiis delectus temporibus unde officia suscipit.','2017-04-11 21:22:10'),
('29','29','29','Voluptatem recusandae dolor expedita quasi et debitis. Consectetur provident magnam amet esse ut recusandae voluptate. Neque est voluptatibus voluptatem eligendi dicta.','1996-01-17 21:57:17'),
('30','30','30','Provident reprehenderit at molestias voluptas. Sit molestias reprehenderit vero voluptas velit. Aut et repellendus at quisquam magnam unde odio.','1976-06-08 06:22:52'),
('31','31','31','Maiores non ut quo est rem qui molestiae. Non minima dolor error dolores illum fugit hic. Quidem maiores tempora exercitationem. Tempora et cum velit quasi enim maxime et laudantium. Maiores quaerat necessitatibus cupiditate ducimus est id.','1996-03-18 08:52:52'),
('32','32','32','Earum eum sed accusamus vitae sint rerum ducimus. Voluptatum nemo temporibus quae amet expedita aliquam tenetur aliquam. Odio ullam vel blanditiis commodi necessitatibus. Repellendus dolorem deleniti autem eos placeat.','1977-08-30 00:38:13'),
('33','33','33','Quo itaque voluptatem possimus laboriosam atque laboriosam quia. Corporis autem omnis provident facilis neque voluptate. Assumenda fugit et aspernatur nesciunt est ipsum ut. Autem eaque nihil atque ipsa ipsa.','1985-01-29 10:20:39'),
('34','34','34','Est qui cum facilis nobis aspernatur. Possimus repellat et velit hic. Vel in debitis aut illo. Itaque quia ullam quibusdam quaerat.','1990-08-18 20:41:55'),
('35','35','35','Explicabo necessitatibus dolorem voluptatem. Ut sapiente occaecati sequi quibusdam atque voluptatibus hic. Et minus natus necessitatibus quos.','1989-06-08 08:25:33'),
('36','36','36','Velit nisi deserunt voluptatem et nulla necessitatibus. Aut quia id sit ex perspiciatis.','1988-05-28 21:48:36'),
('37','37','37','Iste natus saepe est suscipit optio nihil quasi. Repudiandae maiores libero cum voluptatem qui earum. Atque doloribus ducimus et ab debitis rerum aut.','2001-12-15 14:08:30'),
('38','38','38','Et sequi aut quia non quidem assumenda et voluptatem. Quia nulla saepe ex cupiditate qui quia. Aut voluptate dolores in nemo voluptate nihil.','1996-06-06 22:18:46'),
('39','39','39','Qui sint omnis dicta. Nisi omnis ex consequatur autem dolor consequatur. Repellendus enim culpa ab consectetur enim.','2000-01-02 16:59:15'),
('40','40','40','Consectetur et quisquam qui est et. Aliquam vel dolor ullam ut. Sed sit aut quis vel.','1973-08-21 07:58:51'),
('41','41','41','Officia distinctio velit nesciunt perspiciatis labore harum temporibus. Est sed unde sunt. Ea suscipit est omnis pariatur dolor iusto. Eveniet ratione autem dolores dolore aut quis similique.','2008-08-27 11:54:36'),
('42','42','42','Corporis natus quia dolor vel nam ullam aperiam. Omnis eveniet beatae reiciendis deleniti suscipit. Itaque nihil eum saepe.','2005-11-29 18:36:43'),
('43','43','43','Quas mollitia accusantium et consequatur cum et id. Qui cupiditate sed similique tempora. Atque maxime soluta pariatur qui. Laboriosam dolorem molestiae voluptas exercitationem.','1983-01-16 10:02:56'),
('44','44','44','Quia dolor autem ratione illo. Est ut quo beatae maxime esse modi porro. Maiores voluptas cupiditate odio officiis quod. Iure cum aut doloribus dolorem porro.','1973-04-16 21:18:41'),
('45','45','45','Voluptatem qui error voluptatum pariatur sed ducimus molestiae omnis. Ut laudantium atque eaque. Alias temporibus tempore corporis delectus esse sapiente omnis id.','2004-05-08 07:33:32'),
('46','46','46','Dolorum aut beatae sit et laborum ut. Laudantium totam et id numquam non nam animi.','2007-07-06 20:41:15'),
('47','47','47','Temporibus nobis sit aliquid autem sint id. Et ipsam temporibus voluptatem quo aut vel nam. Voluptate eligendi voluptas libero et. Consectetur unde nulla aut et aut.','1994-11-14 01:25:59'),
('48','48','48','Accusantium enim ex exercitationem. Aspernatur quam voluptates porro cum. Voluptatem non repellendus voluptas voluptas rerum.','1988-09-13 11:47:58'),
('49','49','49','Molestiae aut corrupti esse ut unde dolorem alias. Minus dolore enim quas assumenda. Deleniti ex dolorem aliquam vel qui et. Provident voluptate provident cupiditate officiis ut.','1999-09-22 22:21:23'),
('50','50','50','Est beatae non accusamus rerum odit qui voluptatem aliquid. Facilis omnis debitis et ullam provident. Voluptatem est quasi vel minus illum voluptatem. Nemo pariatur porro optio et.','2001-07-14 16:13:25'),
('51','51','51','Officia quas ea dignissimos quia iste. Laborum culpa molestias illo quidem. Qui consequatur eum veniam rerum asperiores.','1986-08-10 19:14:49'),
('52','52','52','Doloremque error vel reprehenderit laboriosam occaecati magnam. Totam minima natus dolor commodi illo.','2000-01-20 12:00:32'),
('53','53','53','Perferendis adipisci quia saepe voluptas necessitatibus deleniti. Dolore accusantium accusamus necessitatibus. A ut dignissimos dolore.','1972-10-30 07:34:54'),
('54','54','54','Dolores velit doloremque modi labore. Quo autem quaerat voluptas animi. Sit in reprehenderit facilis eligendi qui.','1979-04-17 18:56:01'),
('55','55','55','In sit neque sit laborum tenetur ad sed. Quam quisquam placeat facere iusto. Voluptatum dolorem deleniti non necessitatibus assumenda. Maxime eveniet sequi blanditiis.','1989-07-06 12:01:20'),
('56','56','56','Numquam animi ea excepturi ut distinctio et at magni. Et cumque accusantium dolores in voluptatibus rem ad. Error qui beatae eum quaerat at.','1979-10-03 02:24:30'),
('57','57','57','Laboriosam omnis rerum est quo blanditiis sit deleniti. Voluptatibus aut velit culpa ratione ducimus tempore placeat. Non exercitationem voluptas non quod tenetur.','2006-06-19 15:26:29'),
('58','58','58','Ipsam aut facilis laborum quam aliquid. Quia et quos harum ex dicta facilis aliquam. Expedita eaque non voluptates veniam ut ipsam. Natus illum vitae et quia eius quos. Rerum ut aliquam quia dolores nihil natus.','1993-11-06 04:22:11'),
('59','59','59','Voluptatem qui occaecati saepe repellendus vel ut occaecati. Assumenda maiores nesciunt assumenda dolores qui sint a. Ut et voluptatem occaecati molestiae sequi ut.','2002-01-21 23:34:27'),
('60','60','60','Quaerat totam ad facere ex consequuntur. Pariatur nisi suscipit eos. Quod officia ea quis molestiae eius nemo. Harum qui est fugit perferendis soluta. Amet est illum et aut.','2014-07-11 18:01:12'),
('61','61','61','Quo libero reiciendis velit consequatur. Consequatur ex magni aspernatur vero deleniti ipsum sit. Temporibus aut in laborum perferendis consectetur non.','1994-04-26 12:23:48'),
('62','62','62','Et dolorem aut tenetur perspiciatis quia. Rerum quia quas id hic perspiciatis nulla voluptas. Nisi neque quia dolorem ut. Pariatur voluptatem at autem aut placeat assumenda quo.','1975-12-26 14:01:01'),
('63','63','63','Voluptatem cupiditate ipsum ea molestias porro. Cupiditate et eveniet placeat velit nisi perspiciatis quasi. Dolores unde tempora temporibus perspiciatis asperiores et eum.','2012-05-21 08:31:16'),
('64','64','64','Incidunt odit occaecati vitae esse. Et quia qui consequuntur dicta eaque.','1995-07-15 12:27:12'),
('65','65','65','Rerum maiores et blanditiis omnis aut. Et quod sequi minima perspiciatis.','1980-12-19 04:25:58'),
('66','66','66','Tempora at voluptate corporis. Inventore autem aspernatur provident enim. Et et consequatur placeat aspernatur et. Et quia est explicabo aut autem vitae ut.','2019-06-15 20:27:48'),
('67','67','67','Eos necessitatibus in possimus ea omnis nam voluptatum. Iusto sunt qui veritatis voluptatem. Vitae omnis error aut voluptatem aut. Debitis optio voluptatem dolor at non sunt.','1973-10-06 17:05:01'),
('68','68','68','Qui nisi eius culpa. Quia rerum magni dolores ducimus. Voluptate aliquam alias repellat reiciendis cupiditate nostrum.','1995-08-06 01:54:19'),
('69','69','69','Accusantium libero reiciendis iure sunt. Ut rerum consequatur rem ea fuga laborum dolore vel. Sapiente vel sint ut repellendus qui. Dolorum laboriosam minima repudiandae vitae perferendis dolorem autem. Dolores expedita hic hic quidem voluptas numquam eum voluptatum.','1991-02-05 16:31:35'),
('70','70','70','Qui accusantium qui facere. Aut non corporis et optio. Ut saepe eum omnis sequi tempora et sed perferendis. Velit enim quod non quidem enim occaecati et.','2009-10-21 03:39:24'),
('71','71','71','Qui recusandae quae officia itaque aut laborum dolor blanditiis. Quidem quia sed molestias mollitia repudiandae. Deserunt magni vero repudiandae aut aut. Saepe sint voluptatem in expedita.','1977-03-31 16:47:23'),
('72','72','72','Blanditiis eum aspernatur repudiandae non eum voluptatem. Dolores debitis aut fugiat rem quo. Sed animi et in rem omnis non. Dolorem molestiae soluta commodi qui laboriosam commodi itaque provident.','2004-10-23 13:23:06'),
('73','73','73','Voluptates odit veniam possimus consequatur delectus facilis qui. Molestiae qui quam molestiae quae quos quia. Ratione unde nihil voluptas odio fuga nemo omnis.','1973-09-07 23:23:06'),
('74','74','74','Placeat eius in inventore sed et. Minus non cupiditate repellendus omnis. Nisi maiores aspernatur libero pariatur aut voluptas voluptates.','2002-06-22 12:37:29'),
('75','75','75','Ab pariatur et voluptatem corporis et quaerat rerum aut. Numquam voluptas ipsum ea nihil debitis voluptatem. Rerum qui ut voluptatem assumenda vitae quis. Ut aut necessitatibus aut adipisci delectus. Ut ex et fugiat nostrum enim.','1996-06-05 00:04:02'),
('76','76','76','Sunt officiis aut unde voluptatem illo sint expedita. Aut in quasi nesciunt nulla libero. Qui optio est perspiciatis enim qui numquam non.','2017-01-15 20:42:01'),
('77','77','77','Ut laboriosam nostrum nihil fuga. Dolor iusto at nostrum dolorem.','1975-02-09 06:40:07'),
('78','78','78','Excepturi deleniti cupiditate reiciendis. Quam quasi omnis non incidunt. Aut nostrum sed et.','2020-02-16 02:07:59'),
('79','79','79','Velit qui ducimus qui error eligendi. Dolorem minima iste non et. Eos quia perspiciatis quisquam incidunt.','2017-12-11 09:28:14'),
('80','80','80','Perspiciatis saepe cum doloremque dolorem excepturi provident non porro. Quos assumenda aliquam aliquid dolor excepturi. Sed maiores illum minus ex deleniti.','2004-06-03 09:35:28'),
('81','81','81','Et vel qui excepturi. Vero corrupti aliquam maiores quis necessitatibus. Earum rerum vel sed modi velit omnis consectetur. Culpa est laboriosam tempore aut.','2002-09-01 23:35:08'),
('82','82','82','Rem tempore id voluptatem nulla. Consequatur totam deserunt earum explicabo. Laboriosam natus rerum iusto ipsum. Qui qui architecto est nesciunt officiis quos modi.','2015-11-05 01:48:41'),
('83','83','83','Id ab vitae asperiores voluptas officiis at nemo. Consectetur distinctio voluptatem sint illum aut. Officiis ut dolorem at cupiditate aut blanditiis. In aut aut sed dolores nesciunt aut.','1983-07-31 07:05:30'),
('84','84','84','Unde eveniet sit corporis et quasi dolorem. Voluptas veniam natus neque alias. Occaecati eius enim debitis possimus omnis consequatur.','1971-01-19 11:18:48'),
('85','85','85','Molestiae ut aut qui quia sed sequi repellat. Quis necessitatibus quas aspernatur. Dolorum eum eos aperiam est odit numquam nihil et. A dolore harum molestias nam commodi ut repellendus.','1973-06-04 07:50:44'),
('86','86','86','Totam atque ducimus odit id excepturi et et et. Id veritatis aliquid odit itaque rerum quae reiciendis. Vel harum deleniti illo eius.','1976-10-05 08:14:47'),
('87','87','87','Corrupti excepturi minima ad laborum sed animi tempora. Qui et nulla et qui aut voluptates reprehenderit iste. Sed et ut temporibus et in enim. Iure deleniti eum aperiam animi.','1991-07-25 08:22:00'),
('88','88','88','Nostrum quisquam sint sit. Blanditiis et iusto exercitationem adipisci est est. Amet ex amet natus impedit expedita. Asperiores expedita magnam necessitatibus ex.','1981-03-03 09:01:28'),
('89','89','89','Non earum earum ab eos quae. Libero et quia sit eius. Et tempore quod velit. Est est aut error sequi quos.','1981-07-07 05:46:34'),
('90','90','90','Corporis laudantium ut iusto corrupti incidunt itaque. Qui incidunt est rerum architecto id et labore. Illo praesentium odio quis eius eum voluptas.','2019-06-04 09:21:10'),
('91','91','91','Aspernatur aut molestias eius. Vitae dolores voluptas quo harum excepturi voluptatem ab. Nisi unde aperiam rerum praesentium.','1988-03-08 12:32:33'),
('92','92','92','Tenetur non dolorem nihil molestiae est in similique rem. Laudantium est aliquam ut quis ipsam sit harum. Officia eum architecto repudiandae.','2019-04-18 08:42:56'),
('93','93','93','Quidem ipsum veritatis est voluptatum qui quia quo. Pariatur cum illo rerum eveniet. Itaque a velit pariatur dolore distinctio dolorem repellat.','2008-05-28 20:24:52'),
('94','94','94','Eos quibusdam iusto impedit ut voluptatem quis. Neque eaque sed autem rerum beatae. Quidem occaecati ad similique similique maxime. Vel maxime incidunt dolorum doloribus magni iusto saepe.','2011-04-11 20:48:19'),
('95','95','95','Blanditiis et aut cum nostrum unde ducimus. Minima sit laboriosam ad autem sequi omnis ducimus. Deleniti amet minima soluta. Magnam velit consequatur dolor.','1970-02-28 02:08:49'),
('96','96','96','Numquam ipsa natus saepe vel qui fugiat. Excepturi sit adipisci error ea. Qui repellendus dignissimos consectetur sapiente eos consequatur vero. Voluptate ab totam sint et et. Ipsum quae ut ut et similique non.','1978-07-02 05:45:07'),
('97','97','97','Adipisci rem possimus praesentium est ut commodi delectus. Ut reiciendis non reprehenderit et minus voluptatem odit. Sint odit voluptatum corporis voluptate soluta. Aut iusto est nostrum sunt dicta.','1983-05-03 08:41:07'),
('98','98','98','Enim saepe laboriosam laborum similique architecto corrupti ut. Neque ipsam ullam autem fugiat modi atque. Voluptas unde sit soluta corrupti quo distinctio quisquam.','1982-08-01 14:03:53'),
('99','99','99','Accusamus quibusdam dolor labore dignissimos occaecati laudantium vel quasi. Sed dicta minima ab unde mollitia eveniet adipisci. Facere omnis ad ipsam aspernatur. Ut voluptatum esse temporibus mollitia aliquid atque voluptas.','1990-07-06 23:02:01'),
('100','100','100','Voluptatem accusantium saepe architecto. Eveniet rerum consequatur non voluptatem necessitatibus. Nihil dignissimos laboriosam et maiores. Occaecati cupiditate et ut animi repudiandae.','1997-08-10 02:50:57'); 


DROP TABLE IF EXISTS `profiles`;
CREATE TABLE `profiles` (
  `user_id` bigint(20) unsigned NOT NULL,
  `gender` char(1) COLLATE utf8_unicode_ci DEFAULT NULL,
  `hometown` varchar(100) COLLATE utf8_unicode_ci DEFAULT NULL,
  `created_at` datetime DEFAULT current_timestamp(),
  `birthday` date DEFAULT NULL,
  `is_active` tinyint(1) NOT NULL DEFAULT 1,
  PRIMARY KEY (`user_id`),
  CONSTRAINT `fk_profiles_user_id` FOREIGN KEY (`user_id`) REFERENCES `users` (`id`) ON DELETE NO ACTION ON UPDATE CASCADE
) ENGINE=InnoDB DEFAULT CHARSET=utf8 COLLATE=utf8_unicode_ci;

INSERT INTO `profiles` VALUES ('1',NULL,NULL,'1997-09-26 23:30:22','1977-01-31','0'),
('2',NULL,NULL,'1995-09-17 04:07:48','2000-06-25','0'),
('3',NULL,NULL,'2018-02-08 19:36:49','1984-08-09','1'),
('4',NULL,NULL,'1977-02-13 00:31:46','2017-03-30','0'),
('5',NULL,NULL,'1974-03-02 07:21:10','1970-05-19','1'),
('6',NULL,NULL,'1974-06-14 12:04:32','1989-06-02','1'),
('7',NULL,NULL,'2019-07-04 14:02:55','2011-04-16','0'),
('8',NULL,NULL,'2019-02-21 06:29:37','2011-10-05','1'),
('9',NULL,NULL,'1986-11-26 03:02:59','1974-08-28','1'),
('10',NULL,NULL,'1979-12-05 04:22:49','2010-03-05','0'),
('11',NULL,NULL,'1998-02-23 15:58:20','1988-12-09','1'),
('12',NULL,NULL,'1980-05-21 06:40:04','1986-11-30','1'),
('13',NULL,NULL,'1987-07-14 03:38:33','1981-11-22','0'),
('14',NULL,NULL,'2009-01-02 16:11:34','1980-10-09','1'),
('15',NULL,NULL,'2019-01-15 05:54:29','1994-05-23','1'),
('16',NULL,NULL,'1975-12-06 16:52:57','2011-01-31','1'),
('17',NULL,NULL,'2007-03-10 03:02:22','2018-10-31','1'),
('18',NULL,NULL,'2012-11-17 16:40:25','1982-11-17','0'),
('19',NULL,NULL,'2019-11-01 15:42:41','1989-03-26','1'),
('20',NULL,NULL,'2004-05-28 18:44:16','2016-02-22','1'),
('21',NULL,NULL,'1974-06-27 01:31:01','2010-04-11','1'),
('22',NULL,NULL,'1994-08-08 19:19:33','2014-08-26','0'),
('23',NULL,NULL,'1986-10-15 15:55:17','1983-03-04','1'),
('24',NULL,NULL,'2005-12-30 12:43:39','2003-06-07','1'),
('25',NULL,NULL,'1985-03-25 04:49:57','1990-10-15','1'),
('26',NULL,NULL,'1993-11-27 03:30:19','2004-01-17','0'),
('27',NULL,NULL,'1997-09-24 19:04:09','2002-08-08','1'),
('28',NULL,NULL,'2019-02-04 07:41:59','1987-04-02','0'),
('29',NULL,NULL,'2018-12-12 07:06:45','2009-08-14','1'),
('30',NULL,NULL,'1978-05-28 23:58:58','2007-03-08','1'),
('31',NULL,NULL,'1972-05-27 22:26:27','1978-11-19','0'),
('32',NULL,NULL,'1970-07-26 06:18:42','2001-01-27','0'),
('33',NULL,NULL,'1999-06-05 19:42:11','1987-04-11','1'),
('34',NULL,NULL,'2017-06-28 23:35:02','1974-01-25','1'),
('35',NULL,NULL,'1992-03-08 19:58:57','1972-12-10','0'),
('36',NULL,NULL,'2005-04-27 02:47:46','2001-11-09','0'),
('37',NULL,NULL,'2020-07-12 18:06:29','1986-09-02','0'),
('38',NULL,NULL,'1986-06-12 00:55:01','1982-10-21','0'),
('39',NULL,NULL,'2013-06-02 19:11:33','1992-08-07','1'),
('40',NULL,NULL,'1988-02-21 14:29:24','2000-01-21','0'),
('41',NULL,NULL,'2009-08-18 09:03:48','2010-07-02','0'),
('42',NULL,NULL,'2001-08-23 06:11:09','2016-07-27','1'),
('43',NULL,NULL,'2008-11-04 15:35:49','1991-10-14','1'),
('44',NULL,NULL,'1973-02-17 23:51:04','2005-10-18','1'),
('45',NULL,NULL,'1970-07-19 16:39:20','2015-08-29','0'),
('46',NULL,NULL,'2015-11-01 02:28:38','2001-11-30','1'),
('47',NULL,NULL,'2011-10-14 17:01:40','1999-04-17','0'),
('48',NULL,NULL,'2004-01-19 11:26:48','1980-05-07','1'),
('49',NULL,NULL,'2013-06-12 23:18:47','2009-02-25','0'),
('50',NULL,NULL,'2001-03-06 18:53:01','1973-11-12','1'),
('51',NULL,NULL,'1998-09-11 12:43:53','2009-03-02','0'),
('52',NULL,NULL,'1986-10-18 17:33:21','1996-11-25','0'),
('53',NULL,NULL,'1990-06-02 10:15:58','2017-12-30','1'),
('54',NULL,NULL,'1974-12-29 09:11:34','1980-04-25','0'),
('55',NULL,NULL,'2000-08-05 00:50:36','1997-03-10','0'),
('56',NULL,NULL,'1996-03-12 15:37:39','2006-11-29','0'),
('57',NULL,NULL,'1993-01-04 20:52:09','2016-02-29','0'),
('58',NULL,NULL,'1975-02-04 16:55:19','2007-06-14','1'),
('59',NULL,NULL,'1981-01-28 05:59:17','1975-01-23','0'),
('60',NULL,NULL,'1998-08-28 00:41:44','1972-08-21','0'),
('61',NULL,NULL,'1976-11-28 12:38:46','2006-01-17','0'),
('62',NULL,NULL,'2002-08-27 10:48:14','2002-11-11','1'),
('63',NULL,NULL,'1983-05-09 16:23:12','2002-09-18','1'),
('64',NULL,NULL,'1978-02-18 07:26:56','2011-10-19','1'),
('65',NULL,NULL,'1977-01-24 01:34:49','1981-01-01','1'),
('66',NULL,NULL,'1996-07-15 11:05:07','1976-08-24','1'),
('67',NULL,NULL,'2015-09-07 03:49:06','2010-10-19','0'),
('68',NULL,NULL,'1993-09-29 10:19:09','1985-05-13','0'),
('69',NULL,NULL,'1978-06-23 15:05:03','1981-12-02','1'),
('70',NULL,NULL,'2001-08-23 02:01:02','1995-01-27','0'),
('71',NULL,NULL,'1974-05-19 03:53:07','2016-12-03','1'),
('72',NULL,NULL,'1974-11-26 12:28:27','2017-07-26','0'),
('73',NULL,NULL,'1970-12-16 11:26:19','2017-12-22','1'),
('74',NULL,NULL,'2020-01-28 13:51:22','1990-08-13','1'),
('75',NULL,NULL,'1990-12-09 22:21:14','1974-02-12','0'),
('76',NULL,NULL,'1987-03-07 20:58:30','1993-01-17','1'),
('77',NULL,NULL,'1975-01-02 18:34:15','1973-01-12','1'),
('78',NULL,NULL,'2018-04-12 02:09:30','1994-05-30','0'),
('79',NULL,NULL,'1998-04-22 15:27:37','1992-01-22','0'),
('80',NULL,NULL,'1974-07-01 17:58:37','1981-05-07','0'),
('81',NULL,NULL,'2016-03-08 05:57:00','1978-09-20','1'),
('82',NULL,NULL,'1986-01-07 18:54:28','1981-01-21','0'),
('83',NULL,NULL,'1998-07-20 14:06:19','1972-04-20','1'),
('84',NULL,NULL,'1974-07-04 10:44:57','1981-04-03','1'),
('85',NULL,NULL,'1979-10-02 15:48:33','2007-09-29','1'),
('86',NULL,NULL,'1977-12-08 17:55:12','2019-08-23','1'),
('87',NULL,NULL,'1978-09-13 03:12:54','1993-09-12','0'),
('88',NULL,NULL,'1989-08-02 13:13:11','2018-07-21','0'),
('89',NULL,NULL,'1997-09-15 08:53:02','1976-07-19','1'),
('90',NULL,NULL,'2019-05-20 05:08:57','2015-10-30','1'),
('91',NULL,NULL,'2007-01-29 01:45:59','2002-01-21','1'),
('92',NULL,NULL,'1989-03-22 23:56:39','1976-02-17','0'),
('93',NULL,NULL,'1985-09-14 04:26:17','2014-12-02','0'),
('94',NULL,NULL,'2014-12-12 11:06:29','2011-07-29','1'),
('95',NULL,NULL,'1978-06-20 18:51:13','1981-12-29','1'),
('96',NULL,NULL,'2006-02-15 15:11:52','1985-01-16','0'),
('97',NULL,NULL,'2017-12-25 15:24:05','2013-08-20','0'),
('98',NULL,NULL,'1972-05-11 12:04:07','2012-09-12','0'),
('99',NULL,NULL,'1973-04-17 10:47:54','2013-05-17','0'),
('100',NULL,NULL,'1989-06-29 14:21:19','1979-06-09','1'); 


DROP TABLE IF EXISTS `subscriptions`;
CREATE TABLE `subscriptions` (
  `id` bigint(20) unsigned NOT NULL,
  `name` varchar(255) COLLATE utf8_unicode_ci DEFAULT NULL,
  `price` decimal(4,2) DEFAULT NULL,
  `subscrited_start` datetime DEFAULT current_timestamp(),
  `subscription_end` datetime DEFAULT NULL,
  `status` enum('expired','active') COLLATE utf8_unicode_ci DEFAULT NULL,
  KEY `price` (`price`),
  KEY `name` (`name`),
  CONSTRAINT `subscriptions_ibfk_1` FOREIGN KEY (`price`) REFERENCES `wallet` (`amount`)
) ENGINE=InnoDB DEFAULT CHARSET=utf8 COLLATE=utf8_unicode_ci COMMENT='подписки';

INSERT INTO `subscriptions` VALUES ('0','ut','99.99','2013-10-08 16:31:00','2008-06-06 22:34:24','active'),
('0','dignissimos','99.99','1973-05-21 00:20:40','2008-12-31 15:21:43','expired'),
('0','nam','0.00','2019-07-10 10:40:23','1992-04-12 22:56:08','active'),
('0','explicabo','99.99','1997-06-15 21:32:24','1972-10-03 18:18:43','expired'),
('0','doloremque','99.99','1997-03-31 15:31:19','1979-10-14 20:53:22','active'),
('0','iusto','99.99','2008-08-31 07:47:38','1975-10-01 18:19:11','expired'),
('0','sunt','99.99','1978-07-16 15:45:23','1975-10-11 01:11:01','expired'),
('0','et','0.34','1995-04-27 14:33:54','1993-08-26 05:22:49','expired'),
('0','nesciunt','99.99','1978-08-01 01:18:26','2001-10-28 17:43:07','active'),
('0','consequatur','0.00','1979-07-15 04:36:15','1989-07-30 00:31:29','expired'),
('0','reiciendis','99.99','1995-05-31 16:53:57','2016-05-22 15:09:02','expired'),
('0','accusamus','99.99','1982-12-13 00:19:01','1991-05-21 19:10:28','expired'),
('0','maiores','99.99','1982-05-02 21:06:23','1973-11-21 11:18:36','active'),
('0','dolorem','99.99','1978-05-06 22:03:30','1990-03-15 03:46:33','active'),
('0','quas','0.00','1996-12-19 07:06:31','1987-08-06 18:00:10','active'),
('0','dicta','99.99','1987-12-15 21:01:03','2000-08-01 02:07:56','active'),
('0','ipsam','99.99','2013-10-08 18:49:30','2018-04-12 01:29:54','expired'),
('0','aut','0.00','2012-01-26 10:10:45','2012-01-03 05:03:18','expired'),
('0','error','99.99','1991-03-14 12:47:58','1978-06-24 15:19:19','expired'),
('0','consectetur','99.99','1996-02-23 05:15:21','2013-06-15 23:12:14','active'),
('0','voluptatem','0.00','1983-08-07 21:25:25','2011-01-27 04:40:23','active'),
('0','architecto','99.99','1970-10-16 15:38:10','2016-11-22 05:29:56','expired'),
('0','perspiciatis','99.99','2005-01-24 03:15:14','2012-10-02 06:42:48','expired'),
('0','laudantium','99.99','1995-04-20 07:20:32','2004-12-29 05:22:36','active'),
('0','id','99.99','1973-01-04 16:12:09','2000-10-05 23:24:31','expired'),
('0','cumque','99.99','1996-02-16 01:33:25','1988-04-15 22:19:28','active'),
('0','architecto','99.99','1976-12-13 08:09:15','1971-04-01 11:32:08','active'),
('0','quia','99.99','2018-09-11 18:26:38','2015-04-10 12:50:24','active'),
('0','nemo','0.00','2015-02-08 06:24:22','1994-09-11 20:26:54','expired'),
('0','distinctio','99.99','1984-02-24 06:05:57','1981-10-14 10:35:14','active'),
('0','ea','99.99','2016-07-27 06:51:08','1977-09-27 12:12:30','active'),
('0','maiores','99.99','2008-01-10 18:09:54','1980-12-17 15:00:05','expired'),
('0','cumque','99.99','2005-09-24 13:47:27','2016-04-09 06:29:08','expired'),
('0','tenetur','0.00','1979-04-13 20:23:34','1986-06-15 22:12:42','active'),
('0','dolorum','99.99','1975-08-01 08:31:42','1980-01-21 21:01:04','expired'),
('0','qui','99.99','1997-10-25 09:11:35','1983-03-28 09:44:54','expired'),
('0','non','99.99','2006-12-23 15:38:21','2003-02-02 12:29:57','active'),
('0','enim','99.99','2003-12-22 04:01:28','2001-02-01 16:46:39','active'),
('0','rerum','99.99','1997-08-27 06:11:05','1980-10-20 18:48:49','expired'),
('0','cum','0.00','2008-10-09 08:44:47','1996-04-22 20:55:57','active'),
('0','omnis','99.99','1994-05-20 16:00:47','1974-09-02 05:23:45','expired'),
('0','exercitationem','99.99','1989-08-09 22:34:10','2000-06-16 02:37:32','expired'),
('0','voluptatem','0.00','1999-08-23 14:59:11','1994-07-26 23:25:54','active'),
('0','velit','99.99','1980-03-01 14:44:13','2006-07-14 11:17:56','active'),
('0','dolor','99.99','1997-02-25 09:19:33','2006-08-04 21:01:07','expired'),
('0','numquam','99.99','1978-11-19 09:21:40','2004-10-08 06:00:21','active'),
('0','iusto','99.99','2000-03-19 08:32:08','1973-08-13 20:36:21','expired'),
('0','odit','99.99','2016-03-14 20:04:55','2018-03-29 15:35:16','expired'),
('0','illo','99.99','1999-01-01 16:57:49','1976-09-27 04:14:50','expired'),
('0','minus','99.99','1993-07-03 05:22:37','1976-11-16 20:07:16','expired'),
('0','repudiandae','99.99','2011-04-12 08:38:30','2007-04-22 02:43:55','expired'),
('0','reprehenderit','99.99','1994-07-16 22:54:30','1999-04-28 05:51:52','active'),
('0','commodi','99.99','1979-05-11 09:05:32','2019-11-23 04:37:53','active'),
('0','aspernatur','99.99','1973-04-16 13:25:30','2000-12-26 13:30:07','active'),
('0','et','99.99','2001-03-10 00:39:25','1999-04-29 13:40:08','active'),
('0','vel','0.00','1996-05-24 22:27:33','1999-10-03 00:36:55','active'),
('0','quis','99.99','1986-10-19 15:01:27','1972-03-15 21:25:28','active'),
('0','aperiam','99.99','2004-10-25 07:11:19','2015-10-07 10:15:48','expired'),
('0','sed','99.99','2008-08-15 07:09:09','1978-03-01 23:20:19','active'),
('0','eaque','99.99','2014-10-25 18:32:24','1973-03-19 04:08:43','expired'),
('0','dolor','99.99','1978-08-27 23:23:26','2006-02-13 21:09:19','expired'),
('0','aut','99.99','1978-03-10 09:59:53','2004-11-07 18:51:28','active'),
('0','consequatur','0.00','1995-03-30 19:48:14','1974-10-07 21:48:00','active'),
('0','cumque','99.99','1980-02-21 02:30:26','1985-10-25 08:50:26','expired'),
('0','nulla','99.99','1997-06-07 00:14:14','2012-09-10 01:49:08','expired'),
('0','necessitatibus','0.00','1992-01-08 17:25:55','1976-01-05 13:38:40','expired'),
('0','quia','99.99','2011-06-08 10:50:44','1986-12-10 19:21:13','expired'),
('0','quisquam','99.99','1984-04-04 13:58:51','2008-04-29 11:55:57','expired'),
('0','sint','99.99','1975-05-08 19:20:39','1981-05-28 09:25:33','active'),
('0','non','99.99','2020-05-05 13:58:50','1971-03-15 07:18:27','active'),
('0','illum','99.99','2005-04-21 23:18:06','2017-01-04 23:33:22','active'),
('0','quia','99.99','1985-11-05 16:06:46','1983-03-22 05:35:00','active'),
('0','beatae','99.99','1970-05-16 19:48:39','1975-07-04 05:43:25','active'),
('0','quis','99.99','2016-08-15 02:18:14','1986-06-13 00:26:13','expired'),
('0','nesciunt','2.00','2017-09-11 02:42:51','1981-08-29 17:55:20','expired'),
('0','earum','99.99','1981-02-09 13:48:30','1973-01-31 15:37:43','active'),
('0','sed','99.99','2013-09-20 13:45:41','1995-07-01 02:59:31','expired'),
('0','consequatur','0.00','2002-07-14 12:32:55','1994-08-15 10:50:28','expired'); 


DROP TABLE IF EXISTS `user_notes`;
CREATE TABLE `user_notes` (
  `note_id` bigint(20) unsigned NOT NULL,
  `title` varchar(100) COLLATE utf8_unicode_ci DEFAULT NULL,
  `body` text COLLATE utf8_unicode_ci DEFAULT NULL,
  `created_at` datetime DEFAULT current_timestamp(),
  `updated_at` datetime DEFAULT current_timestamp() ON UPDATE current_timestamp(),
  KEY `note_id` (`note_id`),
  KEY `title` (`title`),
  CONSTRAINT `user_notes_ibfk_1` FOREIGN KEY (`note_id`) REFERENCES `users` (`id`)
) ENGINE=InnoDB DEFAULT CHARSET=utf8 COLLATE=utf8_unicode_ci COMMENT='заметки пользователя';

INSERT INTO `user_notes` VALUES ('1','Tempore enim tenetur beatae magnam ut debitis veritatis in.','Modi tempora sunt doloribus quia modi. Ipsam repudiandae eum adipisci qui sunt. Quasi et laborum iusto possimus voluptas nisi maxime facere. Rerum et cum sed rerum accusantium.','2012-03-25 19:34:52','1985-03-06 20:08:41'),
('2','Itaque ut nesciunt qui illo saepe ipsam qui accusantium.','Voluptatem eveniet vel aut reiciendis vel aut quo. Totam commodi voluptatem consequuntur facilis. Possimus facilis aut et provident in doloremque alias.','1984-09-20 00:13:20','2019-07-17 21:05:15'),
('3','Ut cumque dicta hic et qui.','Ut aut et dolor nisi nam nemo ea. Sit non amet est quia.','2003-06-04 04:42:48','1977-10-30 12:32:50'),
('4','Quaerat sed aut et neque earum non perspiciatis soluta.','Nihil est molestias aliquid quia iusto quo tempora. Est sunt sunt debitis voluptatem. Et voluptatem et est iusto cum quo.','1992-09-15 08:53:06','2002-01-09 21:18:33'),
('5','Nisi sequi placeat aut est sit quae eos ab.','Velit aspernatur ab dolor a et sunt. Sit sint et incidunt occaecati molestiae alias illum iure. Atque temporibus et molestiae est. Eum voluptatibus consequatur rerum architecto consequatur.','1981-08-04 21:20:49','1983-10-01 14:59:59'),
('6','Molestias commodi ea rem ut repellat.','Quia ex enim ullam incidunt dicta. Quam quae repellendus enim fuga. A est et totam perferendis.','2006-04-21 20:15:55','1972-11-09 00:48:35'),
('7','Labore voluptas voluptates magnam facere magnam dolor sed.','Quia saepe aut harum cum voluptate quo pariatur quia. Non quibusdam eum vel veritatis recusandae molestiae. Eos qui quia qui ut necessitatibus tempore doloribus.','2016-11-02 15:02:13','1972-09-30 10:08:04'),
('8','Deleniti minima magni aliquid rerum vel et ab.','Culpa nesciunt et commodi distinctio esse ut. Fugiat similique reprehenderit enim perferendis corrupti earum. Labore qui rerum excepturi rerum.','2011-12-27 16:20:16','1992-02-05 14:51:30'),
('9','Aut saepe distinctio est.','Fuga perspiciatis eveniet omnis explicabo. Numquam consequuntur soluta vel doloremque. Dolorem odit quasi illum ad velit nihil.','1983-12-17 06:00:16','2014-05-29 04:50:52'),
('10','Aut quaerat aliquid eligendi sint nisi eaque.','Omnis nobis molestiae accusantium sint perspiciatis rerum. Natus deserunt incidunt voluptatem placeat. Dolor vitae velit sequi. Non quo et quis aut quae praesentium.','1993-10-21 20:54:05','1985-03-19 03:35:51'),
('11','Ipsa consequatur eos quia eum aut consectetur.','Optio sed temporibus nostrum error. Dignissimos fugit sed aliquam error voluptas.','1973-09-25 00:47:43','2003-06-13 21:26:13'),
('12','Quibusdam quia minus non magni deleniti vel ab.','Blanditiis aspernatur quia eos. Cupiditate aliquam doloribus aut et. Exercitationem optio deleniti culpa qui.','1978-12-26 03:38:51','1989-12-21 07:35:38'),
('13','Nostrum asperiores ut ipsam voluptatum modi.','Facere excepturi aut non in iusto aperiam tempore. Occaecati quia asperiores ullam qui enim hic quisquam aspernatur. Animi beatae aut ea animi et eius possimus.','2012-04-04 12:55:55','1974-12-26 03:55:39'),
('14','Perferendis cumque qui voluptas recusandae.','Eum iusto placeat velit qui dolorem qui. Rem libero aut fugiat. Sit sed architecto fugiat velit.','1978-10-19 12:52:20','2014-10-14 23:16:07'),
('15','Amet qui occaecati voluptatem.','Quibusdam autem temporibus dolor quis corrupti. Sequi enim accusantium maiores voluptatem ea laboriosam veritatis. Voluptatum assumenda voluptatum blanditiis aliquam. Aut aut aut recusandae voluptatem dolor fugit et. Molestiae dicta aperiam architecto aut possimus.','1982-05-27 18:34:38','1982-06-28 09:57:46'),
('16','Optio molestiae tempora vitae explicabo voluptates mollitia.','Totam non nulla assumenda voluptate veritatis. Nemo impedit molestiae impedit veritatis illum. Esse alias numquam blanditiis quae voluptate aut. Ducimus vel ex quia.','2008-01-14 16:34:07','1995-03-21 00:11:32'),
('17','Deserunt dignissimos quia illum voluptate.','Deleniti ipsa et ut sapiente unde. Qui numquam aut quod laboriosam. Voluptatem voluptatibus voluptates quos et. Ut dolor ut molestias nulla rerum est.','2013-06-26 06:55:22','2019-11-24 23:36:28'),
('18','Ea aut sequi molestiae error repellat.','Ipsum id aut omnis. Dolores nesciunt qui voluptatibus. Autem ea qui necessitatibus id omnis unde voluptatem. Velit aut omnis dolor dignissimos amet odit consequatur quo. Eaque necessitatibus architecto occaecati iste.','2000-08-31 07:38:44','1984-03-15 14:04:23'),
('19','Sint ducimus expedita totam reprehenderit qui soluta a.','Corporis veritatis suscipit dolor minima. Eum culpa dolor nemo voluptate debitis ut aliquam. Ut nisi id sapiente iste ipsum tempora. Aut mollitia maxime qui a.','1992-12-15 09:11:45','1973-07-30 09:51:18'),
('20','Minima ex quod autem et.','Qui quas sit et quidem et nobis et. Quis mollitia quidem vitae eius laboriosam et quis. Adipisci earum dolor unde occaecati quo.','2015-04-24 15:13:33','1982-04-21 13:47:26'),
('21','Atque cumque labore vel a est.','Recusandae sint animi ipsum in sunt et hic. Pariatur ut qui vero dolore magni. Sint aut quibusdam accusamus in facere qui. Et in reiciendis voluptates repellendus qui.','1998-09-05 16:07:53','2020-05-03 05:01:56'),
('22','Dignissimos corrupti minima officia officia.','Ut est possimus laborum quia odit. Rerum accusantium ea eaque laudantium ut. Cum labore non repudiandae consequatur. Delectus dolorem et veniam molestias dolores molestiae.','1972-07-30 01:12:43','1970-02-04 21:25:26'),
('23','Odit quibusdam ipsa esse.','Omnis magni deserunt ducimus et possimus temporibus porro. Et molestiae enim dolores unde aut. Velit quam provident qui aliquid amet. Est tempore dignissimos vel eum odit labore corrupti.','2009-01-20 11:39:23','2014-06-30 21:45:40'),
('24','Quod nostrum aut rem esse officiis asperiores.','Minus non rem aliquid et. Cupiditate alias molestiae quam cupiditate. A optio aliquid enim totam est nemo quod eum. Autem officiis architecto non sed iusto et.','2012-03-31 19:03:40','2013-07-15 23:06:12'),
('25','Consequatur magni expedita quia sint quia.','Temporibus a cum cupiditate. Natus recusandae est architecto laboriosam vero est quis.','2017-02-15 17:24:58','1985-10-13 11:24:37'),
('26','Fuga velit eius alias et.','Cumque sit ut aspernatur optio consectetur. Illum fugiat voluptate qui.','2006-04-13 00:47:13','1993-02-12 04:32:04'),
('27','Iste voluptate qui non non alias dolorem.','Odio quis voluptas omnis aut eum quisquam. Corrupti et dicta quas sit voluptatem. Amet et consequatur beatae assumenda pariatur et. Enim ut sed totam.','2008-10-22 23:37:28','2010-02-08 11:50:23'),
('28','Molestias iste modi dignissimos officia.','Vero quam fugit dolores dolor voluptatem dolores. Eaque consequuntur eos et beatae nihil iste non. Sed consequatur voluptatibus unde est deleniti at dolores. Explicabo corrupti sequi quia modi.','1983-03-09 06:57:40','1978-03-14 08:28:06'),
('29','Accusantium animi aperiam numquam consequatur eos officiis non.','Maxime dolores et ut. Eligendi ullam eos laboriosam quis eius qui. Culpa accusantium nihil reprehenderit. Voluptas temporibus cum dignissimos.','2007-05-09 14:43:18','2017-06-30 22:37:15'),
('30','Quas autem enim ipsam non.','Maiores illum molestias nisi dolorum et. Est nostrum consequatur nihil. Doloremque asperiores eius temporibus dolorem. Provident qui ea aliquam minus asperiores sed quaerat. Temporibus laboriosam repellat consequatur id.','2000-11-04 15:23:15','1994-05-16 04:46:15'),
('31','Aut sint itaque facere reprehenderit hic.','Harum cum quos non repudiandae. Earum rem praesentium delectus aliquid nemo rem alias. In blanditiis minima maiores atque doloremque consectetur.','1999-11-12 03:58:38','1986-10-27 03:33:50'),
('32','Perferendis repellat eos facere et.','Eum et provident voluptates occaecati quia. Quam temporibus et amet dolore qui voluptas. Culpa adipisci qui rerum beatae molestias.','1984-03-19 21:04:30','2007-07-21 20:34:20'),
('33','Velit velit ea ut eaque error.','Ratione aut est odit est expedita exercitationem. Et aut vero illum eius sint ab enim. Et est voluptatum ipsum rem. Cupiditate ducimus rerum libero unde autem numquam.','1992-10-04 10:42:50','2006-03-04 09:53:53'),
('34','Laborum soluta eaque esse et rerum.','Id vel omnis autem quisquam ut. Animi necessitatibus iure distinctio et sed sed et quisquam. Corporis et adipisci eligendi quidem nobis. Quod et sint totam et velit iure. Consequatur temporibus assumenda eligendi incidunt fuga quo porro quia.','1977-02-04 06:43:51','2008-12-30 21:58:10'),
('35','Non a explicabo doloremque facilis tempora inventore nemo sequi.','Et voluptatem voluptas aliquid odit sed aut. Libero laborum ipsa ad culpa beatae. Veniam accusamus illo commodi officiis quae. Blanditiis asperiores illo in ut.','1999-01-22 12:01:20','1980-04-03 23:06:05'),
('36','Deleniti consequatur omnis sit dolore est exercitationem.','Nisi aut facere dolores reprehenderit. Quo omnis magnam iusto autem quis atque molestias. Rem voluptatem cum eos nobis quis. Nobis officiis dolorem inventore sit rerum voluptas.','1972-02-09 12:50:24','1979-09-22 08:31:38'),
('37','Illo et et at unde fugiat maxime doloremque.','Harum ea voluptas a quidem. Odio beatae soluta eveniet maiores occaecati impedit et. Ratione aut quaerat neque est. Nostrum et at amet et.','1974-03-20 17:18:23','1990-12-22 04:18:49'),
('38','Sit asperiores dolore quis esse consectetur et inventore aut.','Voluptatem incidunt ipsam magnam nesciunt. Sapiente aperiam possimus cum alias et. Corrupti sit ut doloribus eos placeat et illo.','1996-08-05 01:46:14','1973-02-08 01:07:12'),
('39','Consequatur iste nisi et alias rerum at aut sint.','Dolores quidem inventore voluptas consequatur. Rerum blanditiis voluptas veritatis quisquam minima veritatis laborum dolorem. Aut ducimus temporibus fugit velit facilis.','2011-01-27 09:23:39','1994-08-19 09:01:58'),
('40','Magni magnam ad vel voluptatibus numquam.','Aut aut rerum praesentium alias exercitationem sed ab. Aut quia ex est quo autem magni. Ratione harum quia qui molestias maxime non voluptatibus. Doloribus id asperiores dolorum numquam et voluptas quis.','1998-12-27 06:15:27','2015-12-05 04:51:04'),
('41','Ad ipsam harum veniam dolorem autem reiciendis.','Laudantium excepturi quibusdam error aut. Alias sed et veniam corporis dolore. Autem voluptatem nulla maxime et illum.','1987-12-28 05:38:03','1981-01-28 02:33:59'),
('42','Est nemo ut quod sed.','Velit perspiciatis voluptas voluptas perferendis. Nostrum ut accusamus consequuntur explicabo sed iure est facere. Veniam eligendi veritatis quis molestias eligendi quaerat minima. Deserunt modi nostrum magni voluptas.','1986-04-24 15:57:12','1997-12-10 12:03:03'),
('43','Iusto laborum quas illum aut fugiat et ratione.','Cum deserunt dolorum aperiam voluptatem commodi. Quaerat saepe occaecati vel sit aut magni. Aperiam aliquam doloribus id id reiciendis ut voluptates.','1980-06-21 14:05:00','1995-11-15 22:52:28'),
('44','Labore quisquam consectetur molestias est fuga quia voluptatem.','Repudiandae omnis eum delectus non expedita similique. Vel veniam eius commodi voluptatum vel et. Repudiandae reiciendis voluptates ipsam aut voluptas.','2004-06-20 10:00:14','1983-04-11 16:45:38'),
('45','Ut velit temporibus architecto ex voluptate.','Incidunt similique veritatis quas esse facilis. Sapiente et enim eius blanditiis sed aliquid aperiam. Ullam sunt itaque blanditiis consequatur aut dolore nisi. Odit qui rerum aut recusandae sunt.','1972-03-22 21:37:06','1981-05-15 22:51:12'),
('46','Et dolores repellat voluptate.','Deleniti quia quo suscipit vel. Fuga voluptatum aut autem aliquam ex. Quod tenetur dolorum quos qui et. Ea magnam ipsum cum quos illum dicta.','1984-12-01 09:48:54','1976-05-01 10:26:53'),
('47','Quasi consequatur sapiente velit quisquam.','Minima dolores veritatis ea dolor nam voluptatem a qui. Et qui assumenda voluptatem. Omnis repudiandae unde hic totam ea. Reprehenderit nisi exercitationem ut quasi et.','1975-09-12 19:09:09','1995-06-08 22:28:32'),
('48','Aspernatur debitis in ab atque voluptas aliquid.','Aspernatur dicta qui mollitia modi. Ut dicta dolorem optio recusandae velit qui. Dolores facere beatae autem tempore. Perferendis nisi quos harum animi molestiae maxime. Veritatis nihil et sint culpa quos.','2019-05-11 01:01:43','2000-07-22 10:23:45'),
('49','Et nulla velit rerum enim et ab.','Doloremque consequuntur ea eum doloribus qui sint optio sed. Id aut harum eius laudantium quia eius. Iste natus sit ex dolor. Perspiciatis velit eaque nisi tempora laborum sed.','2000-02-21 22:04:20','2014-07-13 12:31:28'),
('50','Quae aliquam id atque.','Id laborum numquam id beatae quia quis iusto. A repellendus veritatis et magni a rerum cupiditate. Maxime itaque sequi animi fuga et dignissimos.','2015-07-04 06:24:21','1979-09-09 20:47:45'),
('51','In et sunt atque quasi vel sunt.','Aut consequuntur architecto officia quam a. Aut ad soluta provident eos ullam. Ad magnam dolorem fugit asperiores. Provident ut rerum odio dignissimos saepe voluptas.','1996-05-22 02:18:55','1990-07-16 20:27:16'),
('52','Rerum consequuntur voluptatem voluptatem asperiores quia aliquam aut.','Reprehenderit et quam dolores et est quod et. Ea qui quia dolore aut et. Molestiae et adipisci non rerum tempora et qui.','2018-05-02 23:29:30','1970-09-12 17:48:44'),
('53','Quia voluptatem ratione nobis quia velit facilis debitis.','Eligendi nobis harum praesentium laborum quis ipsam nobis. Quia nemo placeat placeat aperiam quas occaecati eum. Mollitia ipsa rem quia asperiores sed. Atque ut neque voluptatem.','1986-08-30 12:31:23','1994-01-01 01:07:51'),
('54','Praesentium incidunt quod doloremque.','Delectus eum sed officia impedit. Sed odio iste delectus quos excepturi. Perspiciatis enim incidunt debitis.','2012-10-25 09:58:46','1996-02-01 22:46:52'),
('55','Perferendis qui velit quia est possimus non.','Rem praesentium nostrum odit. Repudiandae fuga ipsa rerum quaerat molestiae. Non est consequatur expedita dolorem architecto delectus voluptatem autem. Vel at commodi rerum. Excepturi tenetur alias eos possimus molestias ratione.','1980-10-17 01:41:14','2013-08-13 11:49:24'),
('56','At aspernatur nulla deserunt quod.','Consequuntur consequatur quo dolor itaque eveniet qui. Necessitatibus nihil nemo exercitationem officiis eum libero itaque expedita. Animi facilis qui deserunt quia magni reiciendis saepe.','1984-02-11 15:08:34','1982-11-04 02:10:29'),
('57','Dolores totam consequatur voluptatem distinctio esse cum.','Non ut quia aut odit blanditiis vero. Natus iste reiciendis non occaecati tempore illum aut. Et nam maiores voluptatem.','1970-12-28 07:23:27','2014-11-04 23:10:10'),
('58','Est qui autem enim.','Voluptatem aliquid repudiandae qui quaerat ut qui suscipit. Impedit suscipit provident voluptatum necessitatibus vel minus nemo. Voluptatum pariatur harum necessitatibus. Ut molestiae aliquid minima aut fugit similique.','2006-12-10 07:06:04','2005-03-05 06:31:36'),
('59','Animi qui corporis libero qui.','Amet reprehenderit sed asperiores dolorem magni distinctio ratione impedit. Nesciunt consectetur accusamus molestiae saepe unde voluptas. Ducimus nihil rem vitae doloribus explicabo. Est libero incidunt placeat quos reiciendis autem vel. Expedita totam culpa voluptas ullam eos excepturi quam rem.','2013-03-18 10:57:21','1993-10-19 17:20:40'),
('60','Dignissimos unde quis vel.','Corrupti amet maiores deleniti. Magni incidunt enim dolorem. Quaerat aut repellat sit aperiam.','1974-09-20 21:21:33','1970-12-04 08:22:19'),
('61','Nesciunt laudantium alias vel illo rerum dicta autem.','Id rerum dolor et repudiandae delectus. Repellat eveniet itaque et et voluptatem fugiat. Rerum qui voluptas quidem vel aut et a. Optio molestiae velit in aliquam harum.','1979-09-04 12:40:48','1999-12-05 12:26:44'),
('62','Tempora nulla molestiae deleniti ex eveniet laborum in.','Omnis tempora temporibus sed cupiditate aut amet placeat. Eum ipsum totam ullam minima distinctio ut. Et nostrum perferendis voluptates dolorem iure fugiat.','2006-05-26 18:35:53','1973-04-28 21:35:24'),
('63','Commodi aut quaerat possimus.','Ut earum officia repudiandae quas rerum eius neque. Odit atque eius voluptatem esse autem qui. Esse enim dolorem iure quis aut molestias incidunt. Voluptatem distinctio aut reiciendis quia suscipit est iure aut.','1984-03-10 15:23:31','2016-09-09 05:12:15'),
('64','Ratione hic eaque ut repudiandae soluta voluptatum magni.','Nam aut tempore dolor maxime. Nostrum sint sunt et in. Dolores esse soluta omnis occaecati provident enim corrupti.','2004-11-07 04:57:05','1991-09-11 13:04:27'),
('65','Possimus sit rem error quis sapiente enim vel.','Minus quia et quae saepe beatae ducimus. Maiores voluptatem deserunt nulla tenetur. Qui qui quis ad est cumque laudantium ea. Ea accusamus ut fuga.','1999-01-19 04:58:23','1984-10-23 09:33:22'),
('66','Ipsam molestiae vero et nihil delectus debitis.','Amet nostrum magni ullam esse. Dolore qui corrupti ea. Dolorem laborum sit quo enim facere. Repellendus ex rerum aut non distinctio quis in ut.','2018-03-30 12:59:50','2015-12-24 23:04:27'),
('67','Est odio alias esse natus voluptas mollitia.','Repellendus praesentium sequi est sed sunt. Laborum a enim laborum pariatur eos.','1996-11-11 17:41:43','1990-10-21 22:15:18'),
('68','Ex dolorem sint quo.','Eos totam molestias qui magnam. Repellat perferendis aut nobis vitae in qui. Eaque non quas incidunt in reiciendis sapiente commodi.','2001-03-27 06:53:47','1977-05-07 18:41:12'),
('69','Veritatis excepturi molestias maxime harum doloremque molestias.','Quia sed enim optio error quis facilis. Eveniet explicabo aspernatur voluptatem saepe alias. Eveniet quo soluta aliquid omnis.','1982-04-05 09:36:40','2007-04-18 07:01:16'),
('70','Impedit veniam tempore et ut et.','Eveniet nobis et error. Nam facilis accusamus dolor laborum voluptate id. Quo minima libero omnis quasi quaerat.','2005-10-21 09:45:42','1979-07-05 18:53:13'),
('71','Mollitia sit maiores sit rerum veritatis voluptas veniam.','Illum totam molestiae nulla omnis fuga blanditiis omnis. Ut sunt sit sint doloremque et molestiae. Animi omnis dignissimos dolores rerum dolores voluptatem. Ut quo totam aliquam rerum eum est.','2003-10-04 23:28:23','1988-07-20 11:27:47'),
('72','Expedita eius necessitatibus necessitatibus excepturi et.','Accusantium quisquam sit doloremque voluptate. Ut animi iste rem voluptates. Ipsa hic quae et dicta.','2003-12-18 18:16:09','1986-07-18 23:53:24'),
('73','Doloribus quam sint minima et voluptatem cum ea voluptas.','Ut nemo enim odio voluptate quod. Quam et aut sunt aut velit. Praesentium magni blanditiis quia exercitationem minus magni suscipit fuga.','2016-09-01 08:02:52','1983-04-20 10:26:53'),
('74','Voluptate et itaque minus distinctio iusto ullam iste.','Non aliquam dolorem sint sed cupiditate commodi quo. Nostrum accusantium corrupti aliquid culpa. Soluta non autem vel praesentium soluta dolor omnis.','2003-11-21 08:12:22','2012-11-24 16:25:54'),
('75','Nobis illum facere architecto fuga sunt sed labore eos.','Excepturi ut veritatis aperiam molestias corrupti explicabo praesentium. Aut harum tempore possimus deleniti quod ab asperiores. Enim nemo eius consequuntur magnam minus ullam totam ab.','1997-01-25 22:03:13','2020-04-20 04:34:04'),
('76','Quis nemo labore magni sint.','Odio nesciunt et voluptatum. Vero et quis dolore veniam in enim. Laudantium qui ut sit dolore sunt. Et et dolor cumque magni porro natus.','1990-08-09 05:38:47','2005-02-10 19:09:11'),
('77','Provident quia placeat asperiores corporis unde nobis.','Porro suscipit dolor odit porro aliquam. Facere amet nesciunt sed labore magnam molestiae sed. Consequatur sit omnis non fuga fugiat et. Architecto commodi assumenda deleniti.','1985-02-10 01:38:42','1996-03-14 20:57:20'),
('78','Totam aut tenetur voluptatem vitae ratione qui.','Delectus esse odit qui ut excepturi error. Laboriosam sapiente est ea ipsa harum corporis ab voluptatem. Ullam culpa dolorem tempora laboriosam nihil quo et. Et harum eveniet voluptatibus non.','2011-09-17 03:48:32','2008-11-10 09:45:30'),
('79','Eaque qui et inventore ut nemo sint.','Adipisci nostrum qui beatae nisi dignissimos sunt. Omnis quod aut qui deleniti laborum laboriosam maxime. Ducimus et aut iusto voluptatem. Magni ut assumenda dignissimos repudiandae.','1979-04-26 06:50:25','2003-06-22 17:06:29'),
('80','Deserunt laudantium in ducimus officiis.','Dignissimos expedita rerum magnam. Eos numquam temporibus earum non quis repudiandae. Iusto voluptas nemo tempora assumenda incidunt voluptatem dicta assumenda. Incidunt temporibus doloribus impedit dolore assumenda non ut.','1976-08-21 01:53:06','1976-05-05 18:07:13'),
('81','Cumque perspiciatis illo quaerat est quaerat autem.','Magni optio magni laborum. Voluptatem voluptate rem rerum alias. Magnam hic eum iure at fuga.','1992-07-20 02:52:18','1990-02-22 12:00:11'),
('82','Asperiores aliquam quas et necessitatibus hic qui est.','Sed iusto ea ea culpa cupiditate illum ullam. Ipsam ut odio consequuntur voluptas labore consequatur. Voluptatem aut sint blanditiis debitis minima quis maxime. Alias ad et nihil molestiae.','2016-03-17 16:03:23','2016-04-11 18:38:02'),
('83','Illum dicta quod voluptas eius.','Mollitia voluptate qui earum ex dicta. Possimus quo in quod odio. Eius corrupti ipsum ut et recusandae eaque. Qui in suscipit omnis. Sit in corporis tempora qui tempore.','1990-08-20 04:55:01','1996-09-28 04:33:17'),
('84','Temporibus nostrum omnis minus in et id.','Quia velit consequatur facere suscipit minus. Et eaque fuga eveniet tempora est. Sed unde tempora voluptate. Autem sint doloribus veniam accusantium eum amet eveniet et.','1989-12-22 13:03:16','1986-12-03 11:18:03'),
('85','Voluptatibus quam aliquam rerum id commodi sit.','Quia aperiam qui vel quas aperiam et eligendi. Quo eveniet nostrum veniam nulla. Quaerat nostrum suscipit et eum qui amet. Repellendus quae quae officia non officiis optio.','2009-11-28 09:28:57','2020-05-24 22:34:26'),
('86','Fugiat aut asperiores ex error labore sit sunt a.','Beatae quia et consequatur minus et facere aut. Odio quibusdam dolores tenetur qui culpa voluptas. At atque laudantium omnis omnis omnis libero consequatur.','1970-10-26 22:29:41','1987-06-30 12:55:37'),
('87','Fugiat et consequuntur eos ut.','Eum labore est eos nam numquam nisi in. Vel necessitatibus voluptatum et sapiente sunt possimus quae. Vero recusandae quia earum aut vitae optio libero.','1993-06-05 21:58:49','2001-12-08 12:29:02'),
('88','Eligendi quis harum eaque nam laboriosam.','Et aliquam et omnis cum numquam rem pariatur. Vel ullam quod eveniet reprehenderit ea velit maxime. Molestiae minus neque alias ut molestiae voluptatem.','1978-08-25 09:25:35','1979-11-15 10:08:43'),
('89','Qui velit ducimus autem doloremque est ut dolor enim.','Incidunt perspiciatis dolor hic consequatur consequatur dicta dolore. Eum et expedita voluptas aut esse repudiandae ducimus quisquam.','1993-04-17 10:39:56','2010-07-19 19:30:04'),
('90','Quas numquam beatae laudantium.','Nihil expedita quis id voluptas. Expedita sapiente ducimus aliquam et impedit. Porro commodi cum voluptate culpa nihil sunt iure soluta.','1990-08-09 14:22:11','1978-05-10 03:23:50'),
('91','In est natus autem ipsum veniam quam qui.','Ab corrupti voluptatibus et omnis officia. Soluta quae nulla unde. Deleniti distinctio quos voluptates veritatis. Praesentium repudiandae natus aliquam quam suscipit est.','1982-04-24 19:26:50','2012-07-16 00:31:57'),
('92','Nam dolorum aut a.','Veritatis ea nisi vitae sed quo. Mollitia sint et explicabo mollitia ad. Adipisci dolorum nostrum fuga similique architecto rem ab. Enim facere consequuntur amet in vero molestiae illo vel. Dolore aut similique sint asperiores.','2018-02-25 03:11:54','1988-03-05 04:51:40'),
('93','Repellat deserunt doloribus repellat cupiditate.','Dignissimos est tempora recusandae ut. Est cum possimus illo commodi non dignissimos. Voluptates quos odit et aut perspiciatis. Libero provident est dignissimos corrupti dolores.','1977-07-28 12:54:28','2006-09-16 07:52:44'),
('94','Eaque accusantium quis maiores.','Consequatur dolorem aperiam earum similique tenetur distinctio. Ea est odio labore quia consequatur id sunt in. Voluptatem numquam eos omnis est eligendi.','2014-02-14 15:32:12','1994-03-16 12:00:11'),
('95','Nihil autem maiores quod dolores.','Accusantium occaecati quas molestiae blanditiis architecto error. Ut maiores sit adipisci architecto laboriosam inventore ut. Expedita quibusdam quis iste omnis reiciendis.','2015-03-14 05:24:22','1974-02-28 12:44:57'),
('96','Nisi at et reprehenderit nostrum sunt.','Ad possimus at dignissimos nihil. Vitae et minus iure velit reprehenderit molestiae. Autem quos delectus unde. Adipisci laboriosam a praesentium dolore. Ea debitis voluptatem qui.','1985-05-06 19:13:41','1987-07-09 14:41:07'),
('97','Aut voluptatem qui id doloribus laboriosam aut et.','Nihil est illo autem et et aut. Natus autem aperiam debitis tenetur accusamus ipsa repellendus. Impedit non necessitatibus ut qui voluptatem iste quod. Sit corrupti et doloribus iste soluta.','1985-07-19 16:46:22','2011-01-11 21:06:29'),
('98','Qui et recusandae maiores autem.','Non repellendus soluta et nisi repudiandae adipisci eos. Iusto harum sit ex. Minus animi aliquid corrupti quaerat animi nihil ex. Sapiente ea delectus sed voluptatem.','1987-03-22 05:03:26','1999-12-07 23:23:33'),
('99','Sunt sapiente tempore delectus velit harum ut praesentium.','Provident blanditiis veritatis temporibus. Laboriosam eos voluptatem voluptatem sunt. Cupiditate voluptatem non id quod quia.','1988-07-21 10:10:55','2000-12-06 02:03:10'),
('100','Repellendus non explicabo eius officiis quis ullam qui.','Occaecati ab magni labore voluptatem sunt recusandae. Consequuntur dicta soluta sint consequatur eius doloribus a. Fuga et dolores possimus odit.','2013-09-24 08:22:24','2020-04-16 21:33:57'); 


DROP TABLE IF EXISTS `users`;
CREATE TABLE `users` (
  `id` bigint(20) unsigned NOT NULL AUTO_INCREMENT,
  `firstname` varchar(100) COLLATE utf8_unicode_ci DEFAULT NULL COMMENT 'имя пользователя',
  `lastname` varchar(100) COLLATE utf8_unicode_ci DEFAULT NULL COMMENT 'фамилия пользователя',
  `email` varchar(100) COLLATE utf8_unicode_ci DEFAULT NULL,
  `password_hash` varchar(100) COLLATE utf8_unicode_ci DEFAULT NULL,
  `phone` bigint(20) unsigned DEFAULT NULL,
  PRIMARY KEY (`id`),
  UNIQUE KEY `email` (`email`),
  UNIQUE KEY `phone` (`phone`),
  KEY `id_user` (`lastname`,`firstname`)
) ENGINE=InnoDB AUTO_INCREMENT=101 DEFAULT CHARSET=utf8 COLLATE=utf8_unicode_ci COMMENT='пользователи';

INSERT INTO `users` VALUES ('1','Harvey','Parisian','kuhic.joannie@example.net','cc084620416ca567a8df1835fc43a890806a9c88','8926990964'),
('2','Rebekah','Leannon','rey10@example.net','80d649bc327dc6aed87b174a282ba45d5c7b839f','8944304228'),
('3','Americo','Bosco','alyson.corkery@example.com','c511e3463d0824b88fe8a147d73caa7744550317','8910010001'),
('4','Antonetta','Dooley','zelda73@example.org','ab5612af8b7e6b27ad83dd5539d2a3c3a1a7ce57','8918193402'),
('5','Dexter','Auer','hansen.pat@example.com','3005aca63629c6f8efba4558aace751e93520264','8934544492'),
('6','Kory','Leffler','alexane.hoeger@example.org','aad2b6bc50c5237ca8c0524caa6bf38438a10540','8909318237'),
('7','Cordell','Tillman','jammie20@example.com','7441fedc4988195c419b0f14d90a7df4ed3c6067','8939002000'),
('8','Fred','Gerhold','tfahey@example.org','ece5f22366c3202b49db842e7734a61caff5a814','8908371983'),
('9','Fermin','McCullough','hailey57@example.com','724a8ae61feda9d520837018eb515539c2235d84','8926365693'),
('10','Hobart','Ward','runolfsson.ronaldo@example.org','89f445393c66e200e7ef925a8d787fd58d00fcd9','8948350595'),
('11','Cayla','Tremblay','helen.kohler@example.org','f5b9b912b37ce683ea178fd483e04ae58fe2df31','8912293635'),
('12','Rosalia','Waelchi','pearlie.schroeder@example.com','fa4bbd4d86924cbcf8152006c42734fd085fa6dc','8927682035'),
('13','Ezra','Wisozk','cullen64@example.com','fb93c320dfe20ff02c1757bcbe7d952b93820046','8933112193'),
('14','Kiana','Wunsch','elta.cronin@example.com','f0dcaa9c666d5ecb186097f51d42d6cd63faee6a','8914532381'),
('15','Magnolia','Waters','buster78@example.com','9dffbc00e127bebe812f6a08b7dfef733453c861','8931624307'),
('16','Seth','Abernathy','fmacejkovic@example.com','3f54fd1a6897b61ef324c3167a0a4168f26cd982','8987250210'),
('17','Magnolia','Kris','sydni.funk@example.org','7364fc924925cced67d3b2794ee4e8ce9a2cdf6b','8999934791'),
('18','Amina','Rogahn','brekke.sophia@example.org','34f7af9d9aa62745bd5dc579497e298bd8053e8b','8943678434'),
('19','Ron','Trantow','candida.stamm@example.org','96495814c244e6257a62795538cf6e0de1cf8046','8946197303'),
('20','Scot','Wolff','ahane@example.net','a641cd2682373aa3427139c8e3efcc2d7396459f','8929727030'),
('21','Roel','Bayer','pacocha.casandra@example.net','83dbe97c5ab8a65612c8ea069f8667af73155c34','8980565480'),
('22','Ramiro','Jerde','hlarson@example.com','f1dcaca32f47cba710abd9d3eaa868841363b999','8935779897'),
('23','Leanna','Wilderman','qschaefer@example.com','6f3a0bad731f7441342fde310aa458feeb7ff366','8944576342'),
('24','Precious','Bashirian','bechtelar.catharine@example.net','504fd262fc5790046b578a9d1483ebdef80072ca','8925782106'),
('25','Mariah','Grimes','rhirthe@example.net','4cd1ba4f99a269417449499a3649a472db8f34ef','8906755779'),
('26','Buford','Douglas','sanford.tanya@example.net','c1c0350cb8f4a6bfd1fad9a66e2bd8e018327357','8924511920'),
('27','Iva','Ullrich','lennie52@example.org','cb0c52d5c21834a85bd8a5a033a1e22df171508d','8941260800'),
('28','Haylee','Cole','dhaley@example.net','22f114c2042e114d08756d05e071bf2499cc9ddc','8958691198'),
('29','Shania','Hintz','dallin49@example.net','a12b80b3769b7b882ef1d9ebf4d276209d5a354d','8989153426'),
('30','Jodie','Wyman','idaniel@example.org','11929237a1b66e40c1bbfe4849a432a50c322f7c','8905211024'),
('31','Avery','Brakus','christ.friesen@example.com','f3b67e832d5027ab39f69726073565f069683a46','8967608926'),
('32','Bobby','Mills','leannon.cassandre@example.com','e3fc262043b2e1fef938d15a088b409b25259e3c','8949653309'),
('33','Tomasa','Prosacco','braun.mac@example.org','08199d7498130d56a673354cea43e8d8ff8ddf7f','8908395486'),
('34','Jefferey','Rutherford','pacocha.adrien@example.org','697186bce330e92db2f87ab61a7145b2a21b63eb','8977232644'),
('35','Josianne','Barrows','dorris47@example.org','c17ab4adfb034ed63757e87bdb1db3bab81b8f2a','8902789335'),
('36','Mable','Gaylord','ecrooks@example.com','1c28f7f92233f23ebaadd4d141434f283edf3cb9','8970522838'),
('37','Alta','Kessler','christa.goodwin@example.org','867881097d9cb4ba36ea20d8b4770fe02a088148','8989486458'),
('38','Evalyn','Hand','afton58@example.net','62f8a487d6e442323ce99827103689491ec9b39a','8979903398'),
('39','Dane','Botsford','andres83@example.com','1e8d2bf87c337b2dfce30694b791cbcc34e34f0d','8920197139'),
('40','Roberta','Barrows','betsy44@example.org','8f82180abc1775378b17cb5931d619e2ee755c87','8907493154'),
('41','Darrell','Jakubowski','cornell.gutkowski@example.net','7b39636b436d1b117a95add586f9dcbacbe2958b','8933942227'),
('42','Audrey','Davis','jason.brown@example.com','d6f56ca589c95b7e9f421c3dbba23938e7f0b0b0','8902542740'),
('43','Jordyn','Ortiz','conn.raphaelle@example.com','b7cf5d66ae0de4488fd9d2743726b391544ac555','8930367851'),
('44','Osvaldo','Beahan','alec24@example.net','e209b48afb0483e66c16a1b55a9cd860c702a076','8935839647'),
('45','Maritza','Zulauf','ubailey@example.net','e34ef1d0eb9c2cd78a4fd501c515e5c11fad6f19','8946168435'),
('46','Emile','Roob','bergnaum.orion@example.net','f890b0037b0fd98a66e57f969b29f582db8851f5','8968112419'),
('47','Tabitha','Jacobi','kernser@example.net','e4efdb61e80705acdbe39377c6206d256a1660c0','8987580633'),
('48','Cyril','Hamill','mayer.gilda@example.com','ffd93b47adc5d8498e28ef9f3d51372f4e13d025','8956710171'),
('49','Scarlett','Strosin','catalina85@example.net','83d4826d026067f6aae9f76430fbb0d7fda997f7','8914895361'),
('50','Rickey','Homenick','jordon63@example.com','3c7656c5b9621c8b081822b4b59ebb626badf097','8977675473'),
('51','Lazaro','Rohan','elna51@example.org','e5c4f3462bf0cc720264b039931e7e008708d9cc','8995488711'),
('52','Celine','Kuphal','gust.hessel@example.net','0994c29ea1a35e3d50752fbf82cbb7277c772278','8987763669'),
('53','Clark','Waelchi','lhamill@example.net','62f20841cd052aef464f03e32e3018ea7821a76c','8989386135'),
('54','Megane','Abernathy','kdonnelly@example.com','3e674f0b90c2d0cece12363aac6c307124be9c19','8954920602'),
('55','Wilbert','Walsh','hal23@example.org','583c4a66101ce0ee8c61411e0cd640b8128b1489','8928398451'),
('56','Geovanni','Feeney','lkirlin@example.org','c243abf23e06fc360777fa2190510b5cb860fad4','8987814781'),
('57','Richie','Konopelski','stephany.wolff@example.org','d952fdb545ec6101839d778fb502ffe4356cd620','8915798683'),
('58','Eileen','Berge','qmonahan@example.net','7620a7277186c1ccb8ad9d7fddca3f45faf77eeb','8910479850'),
('59','Daren','Eichmann','brendon.kutch@example.net','5ccaeb2ed5a11ca903a3750ee57d01d90538f7f6','8923389168'),
('60','Berta','McGlynn','jast.aric@example.org','72108ebe00ee72287cde100bbd631b4209fe5841','8981920211'),
('61','Josiane','Goodwin','kuvalis.philip@example.net','a4058a0511d7f428d8c6b9694a8973b01f488083','8971091482'),
('62','Mafalda','Cole','jnolan@example.net','6c6a01154fc0916686c0d5983f53dc964dc67191','8999692938'),
('63','Reed','Schuster','boehm.gaetano@example.net','2156361e16f7ef2abc68a0fd19fa8021a93d4a92','8922987592'),
('64','Velda','Larson','hilma.carroll@example.com','27e4f9257fdddeb69f02a20986ca25327116cef0','8974239251'),
('65','Reese','Murazik','roscoe12@example.net','11926c0f3fc6b7988cefbf5d015abcd35882956f','8924775218'),
('66','Ernestina','Reynolds','kyle.nienow@example.net','0d4e4ebdb13a72c4243f18f4a07f1a1a5577be0d','8928105182'),
('67','Claudie','Friesen','savanah.kovacek@example.net','178da17de4bda7dc3975a9fa86a0197c1f4960e1','8953192404'),
('68','Alivia','Waelchi','itowne@example.net','80600abc0d458d74b21e2c3de223315937523a29','8941079647'),
('69','Alyson','Conroy','coralie23@example.org','46ae30c36217764616a79c67f949fcf3e0abf9ef','8926122132'),
('70','Jeremie','Kreiger','russell.bechtelar@example.net','b411f80e2efa49c6a4a528a89eb8af2d65107f84','8900054434'),
('71','Anne','Gutmann','shields.brenda@example.net','42cfe848abb989b501b3b71bb669025e13419867','8939667033'),
('72','Mellie','Luettgen','mckenzie.eusebio@example.net','2a0b15cfb0c2b890a0ed3251a12322b1ffcfbfe7','8948894608'),
('73','Keara','Smith','zhowell@example.net','86da4036b949f5bf17d2e89ca015bd42bc13265a','8909023154'),
('74','Ignacio','Wolf','kelsi35@example.org','b22477e3f7cb00bb5e6d4c09ce55b9d430929691','8995809353'),
('75','Enrique','Flatley','andreane.konopelski@example.org','98f525f7028f1b3f24b43293fc211783648a20ab','8921058118'),
('76','Gerardo','Wilderman','jennie21@example.net','2264b06707bd821217f1482862be39ca219c2388','8984083912'),
('77','Marilie','Pollich','strosin.ebony@example.com','1bb62d5fb5373b61fbd0079afc7c66a367b7d188','8962173502'),
('78','Anya','Weber','trempel@example.net','c1607bb0c2ac5a7e1515d5eacf9578bd3cd62530','8925690217'),
('79','Ayla','Kirlin','swift.alicia@example.net','043b69cd2dedc1a850b2ae709d07d045c620fd03','8911710988'),
('80','Madge','McLaughlin','hdurgan@example.net','91405f950319e2de59a3e2643ecc0b8772ab5788','8991190623'),
('81','Jevon','Boyer','pskiles@example.net','2f075c4056d868d2931c85ed15eea254286c7506','8979737822'),
('82','Eve','Predovic','schmitt.alek@example.org','a7917e4d829f44e64efecab6a08ac66d6f2bbde8','8911092732'),
('83','Fannie','McGlynn','oberbrunner.nella@example.org','20d1ee0318ad8757c2ea847cbca00cf0b274bc9e','8921193712'),
('84','Rebekah','Mueller','taurean.kuvalis@example.org','3d8f8e62646d1fbce8ef8f8dfcb91c656a12c3f4','8904835480'),
('85','Liliane','Harber','bartell.else@example.org','95df78e1cdeb4ad76b224cb4ada0444cd37ab666','8997924783'),
('86','Joanie','Stoltenberg','lukas.hegmann@example.net','aae5c21b7aee84c758a5df37aeddd0056bfd3bb2','8924177989'),
('87','Lauriane','Welch','clark.dare@example.net','ed6fc0c5d15a3a987f367eab6c907ebfc9674a85','8963921215'),
('88','Isom','Hegmann','colin.blick@example.com','0a4987ed891e0e3d46bc47c6446ed16a50018da1','8998733104'),
('89','Katrine','Dickens','wlockman@example.net','18dcd8cf4eacebe4aa75a1b11173e9497482c1e4','8917128443'),
('90','Jalyn','Christiansen','haag.peggie@example.net','74a2665729920a2962bfed4fe1ffc275bf245fbd','8985789717'),
('91','Devyn','Stroman','jacquelyn79@example.org','f97ff25cb482c6ac00aa51c817be9a5bce26a931','8974876951'),
('92','Franz','Bradtke','padberg.mike@example.net','d667f97f5b460b8ca736ed539357676e24935725','8919054823'),
('93','Albertha','Corkery','xmurazik@example.com','e8480676f8098f9fab8eb3aa80f5138522aef698','8912487766'),
('94','Hassie','Hamill','richard.emmerich@example.net','19a3cb569604fa465c9ad5bbcb0332f4b928cef0','8972253551'),
('95','Julian','Wisozk','camila.jaskolski@example.net','d80b180ec42ec4d17007e8c33a5a963a7a6e4d73','8991188679'),
('96','Torey','Stamm','helen32@example.com','0013baf0f5226a4ba1fe2e5ef43962146a1af69c','8984267621'),
('97','Sam','Stark','elvie.mante@example.org','e326c83b68c3d6443876e1b6ddf3c9b65c59e435','8952261426'),
('98','Giovani','Reichel','keebler.dejah@example.com','b18c7828784f54992b917b190dc051f8aef21604','8969809642'),
('99','Stephan','Wiegand','hassie03@example.net','a66057da46cc7c0bb909189e9ebc2f8de12af8aa','8986278467'),
('100','Lincoln','Mueller','casimir.sanford@example.net','dc69646093ef196ed54b5747642181839d1af356','8910771427'); 


DROP TABLE IF EXISTS `users_communities`;
CREATE TABLE `users_communities` (
  `user_id` bigint(20) unsigned NOT NULL,
  `community_id` bigint(20) unsigned NOT NULL,
  PRIMARY KEY (`user_id`,`community_id`),
  KEY `community_id` (`community_id`),
  CONSTRAINT `users_communities_ibfk_1` FOREIGN KEY (`community_id`) REFERENCES `communities` (`id`),
  CONSTRAINT `users_communities_ibfk_2` FOREIGN KEY (`user_id`) REFERENCES `users` (`id`)
) ENGINE=InnoDB DEFAULT CHARSET=utf8 COLLATE=utf8_unicode_ci COMMENT='для хранения информации пользователей в групах';

INSERT INTO `users_communities` VALUES ('1','1'),
('2','2'),
('3','3'),
('4','4'),
('5','5'),
('6','6'),
('7','7'),
('8','8'),
('9','9'),
('10','10'),
('11','11'),
('12','12'),
('13','13'),
('14','14'),
('15','15'),
('16','16'),
('17','17'),
('18','18'),
('19','19'),
('20','20'),
('21','21'),
('22','22'),
('23','23'),
('24','24'),
('25','25'),
('26','26'),
('27','27'),
('28','28'),
('29','29'),
('30','30'),
('31','31'),
('32','32'),
('33','33'),
('34','34'),
('35','35'),
('36','36'),
('37','37'),
('38','38'),
('39','39'),
('40','40'),
('41','41'),
('42','42'),
('43','43'),
('44','44'),
('45','45'),
('46','46'),
('47','47'),
('48','48'),
('49','49'),
('50','50'),
('51','51'),
('52','52'),
('53','53'),
('54','54'),
('55','55'),
('56','56'),
('57','57'),
('58','58'),
('59','59'),
('60','60'),
('61','61'),
('62','62'),
('63','63'),
('64','64'),
('65','65'),
('66','66'),
('67','67'),
('68','68'),
('69','69'),
('70','70'),
('71','71'),
('72','72'),
('73','73'),
('74','74'),
('75','75'),
('76','76'),
('77','77'),
('78','78'),
('79','79'),
('80','80'),
('81','81'),
('82','82'),
('83','83'),
('84','84'),
('85','85'),
('86','86'),
('87','87'),
('88','88'),
('89','89'),
('90','90'),
('91','91'),
('92','92'),
('93','93'),
('94','94'),
('95','95'),
('96','96'),
('97','97'),
('98','98'),
('99','99'),
('100','100'); 


DROP TABLE IF EXISTS `wallet`;
CREATE TABLE `wallet` (
  `wallet_id` bigint(20) unsigned NOT NULL,
  `wallet_holder_name` varchar(100) COLLATE utf8_unicode_ci DEFAULT NULL,
  `amount` decimal(4,2) DEFAULT NULL,
  `refueled_at` datetime DEFAULT current_timestamp() ON UPDATE current_timestamp(),
  PRIMARY KEY (`wallet_id`),
  KEY `user_wallet` (`wallet_id`,`wallet_holder_name`),
  KEY `amount` (`amount`),
  CONSTRAINT `wallet_ibfk_1` FOREIGN KEY (`wallet_id`) REFERENCES `users` (`id`)
) ENGINE=InnoDB DEFAULT CHARSET=utf8 COLLATE=utf8_unicode_ci COMMENT='виртуальный кошелек пользователя';

INSERT INTO `wallet` VALUES ('1','nihil','0.00','2000-12-11 15:37:52'),
('2','soluta','99.99','1997-02-10 07:24:23'),
('3','nihil','17.31','1990-02-20 21:28:10'),
('4','voluptas','99.99','2007-02-06 22:39:27'),
('5','sed','99.99','1989-12-19 09:39:47'),
('6','illo','0.00','2000-11-16 12:05:09'),
('7','ut','99.99','1997-04-25 09:50:57'),
('8','autem','99.99','1999-12-06 03:42:33'),
('9','vero','0.00','2003-06-03 06:43:16'),
('10','qui','0.00','1971-10-14 14:26:23'),
('11','eius','99.99','2014-06-25 00:30:47'),
('12','rerum','99.99','1970-10-09 16:14:04'),
('13','error','99.99','1974-11-09 11:03:15'),
('14','nulla','99.99','1998-11-26 15:19:00'),
('15','autem','99.99','2009-05-09 15:18:33'),
('16','incidunt','99.99','2001-10-09 00:00:07'),
('17','accusantium','28.50','2000-08-01 07:50:12'),
('18','aspernatur','99.99','2000-09-20 02:56:15'),
('19','aperiam','46.34','1976-06-10 12:58:38'),
('20','dicta','99.99','2014-04-03 10:54:03'),
('21','qui','0.15','1979-07-17 02:07:22'),
('22','totam','99.99','1981-07-18 08:50:50'),
('23','quo','99.99','2011-12-10 23:26:02'),
('24','odit','99.99','2006-07-27 10:25:10'),
('25','rerum','99.99','2006-01-12 19:10:56'),
('26','dicta','99.99','2018-04-04 16:44:41'),
('27','ea','99.99','1980-06-25 00:18:59'),
('28','qui','99.99','2013-03-23 17:18:56'),
('29','consequatur','99.99','1997-03-13 06:56:33'),
('30','tempore','99.99','1994-11-04 14:15:27'),
('31','et','99.99','1979-01-13 15:08:07'),
('32','est','0.00','2001-12-10 07:05:15'),
('33','quos','16.37','1971-02-12 04:09:36'),
('34','eum','3.41','1975-09-05 00:03:47'),
('35','explicabo','99.99','1981-02-19 11:27:57'),
('36','vitae','61.00','1993-07-13 02:27:29'),
('37','at','99.99','1997-09-13 18:30:37'),
('38','placeat','3.30','1982-02-23 06:37:59'),
('39','dolor','2.00','2006-07-07 09:01:11'),
('40','veniam','0.00','1992-10-28 10:54:15'),
('41','non','99.99','1971-02-10 02:32:51'),
('42','at','99.99','1987-03-22 13:50:27'),
('43','modi','99.99','1999-05-20 13:18:25'),
('44','aliquam','99.99','1972-07-21 21:09:03'),
('45','ad','99.02','1977-09-27 08:56:33'),
('46','nihil','99.99','1990-09-29 02:16:35'),
('47','rerum','99.99','2002-05-13 00:19:07'),
('48','enim','99.99','2013-09-22 10:49:04'),
('49','sequi','25.94','2003-02-01 21:14:34'),
('50','sit','99.99','1997-11-30 05:28:07'),
('51','fuga','99.99','1981-01-26 12:48:40'),
('52','explicabo','1.59','1991-06-15 09:49:31'),
('53','non','0.34','1970-06-25 12:20:10'),
('54','corrupti','24.20','1980-09-09 10:07:24'),
('55','dolores','99.99','2000-08-01 17:26:31'),
('56','voluptas','99.99','2003-07-29 09:08:17'),
('57','nemo','30.67','1975-07-11 00:05:42'),
('58','numquam','99.99','1994-01-11 21:32:32'),
('59','animi','99.99','2000-04-06 13:25:26'),
('60','expedita','99.99','2006-12-18 07:58:32'),
('61','mollitia','2.26','1981-03-15 09:05:20'),
('62','sit','99.99','1992-07-29 03:39:28'),
('63','omnis','99.99','2011-05-11 02:01:56'),
('64','architecto','99.99','1975-03-09 16:14:15'),
('65','commodi','28.00','1995-11-19 21:01:57'),
('66','autem','99.99','1985-10-13 06:27:07'),
('67','sit','7.81','2005-02-17 05:41:01'),
('68','impedit','99.99','1997-05-23 10:30:04'),
('69','et','0.00','2001-06-29 11:53:48'),
('70','dignissimos','3.17','1997-05-18 11:33:11'),
('71','ullam','99.99','2001-01-17 20:33:10'),
('72','cum','99.99','2007-01-04 15:31:23'),
('73','aut','54.03','1974-02-02 11:05:17'),
('74','dolores','99.99','1982-08-27 11:25:19'),
('75','impedit','99.99','1997-05-29 19:33:18'),
('76','qui','5.13','1977-10-29 00:37:08'),
('77','reiciendis','99.99','2008-02-11 07:24:57'),
('78','ut','99.99','1994-09-30 11:13:05'),
('79','est','99.99','1971-12-02 01:49:29'),
('80','nam','99.99','1988-05-16 02:10:34'),
('81','aspernatur','0.00','2007-06-18 05:10:51'),
('82','tenetur','1.81','2012-08-05 06:05:21'),
('83','voluptatum','4.96','2012-03-23 14:37:25'),
('84','inventore','0.00','1976-09-14 07:25:08'),
('85','consectetur','0.00','2017-03-29 23:05:57'),
('86','quisquam','1.90','2003-06-03 09:05:43'),
('87','dolores','0.00','1971-05-22 16:00:01'),
('88','nulla','0.00','2003-07-06 23:10:32'),
('89','quaerat','97.40','2015-05-31 07:58:51'),
('90','nihil','9.77','1976-12-05 02:48:35'),
('91','rem','0.00','1988-12-28 22:26:40'),
('92','nulla','99.99','1981-06-17 02:22:55'),
('93','nulla','0.00','2007-09-01 14:47:07'),
('94','sit','0.00','2014-06-02 03:47:41'),
('95','et','99.99','2020-03-15 10:20:14'),
('96','omnis','6.40','1985-01-14 23:05:02'),
('97','sequi','0.00','2016-12-01 08:21:08'),
('98','illo','99.99','2005-06-06 03:56:40'),
('99','occaecati','4.05','1999-07-05 21:35:39'),
('100','consequatur','99.99','2018-06-09 06:29:48'); 




/*!40101 SET SQL_MODE=@OLD_SQL_MODE */;
/*!40014 SET FOREIGN_KEY_CHECKS=@OLD_FOREIGN_KEY_CHECKS */;
/*!40014 SET UNIQUE_CHECKS=@OLD_UNIQUE_CHECKS */;
/*!40101 SET CHARACTER_SET_CLIENT=@OLD_CHARACTER_SET_CLIENT */;
/*!40101 SET CHARACTER_SET_RESULTS=@OLD_CHARACTER_SET_RESULTS */;
/*!40101 SET COLLATION_CONNECTION=@OLD_COLLATION_CONNECTION */;
/*!40111 SET SQL_NOTES=@OLD_SQL_NOTES */;

