-- Generation time: Sat, 12 Sep 2020 15:51:34 +0000
-- Host: mysql.hostinger.ro
-- DB name: u574849695_23
/*!40030 SET NAMES UTF8 */;
/*!40101 SET @OLD_CHARACTER_SET_CLIENT=@@CHARACTER_SET_CLIENT */;
/*!40101 SET @OLD_CHARACTER_SET_RESULTS=@@CHARACTER_SET_RESULTS */;
/*!40101 SET @OLD_COLLATION_CONNECTION=@@COLLATION_CONNECTION */;
/*!40103 SET @OLD_TIME_ZONE=@@TIME_ZONE */;
/*!40103 SET TIME_ZONE='+00:00' */;
/*!40014 SET @OLD_UNIQUE_CHECKS=@@UNIQUE_CHECKS, UNIQUE_CHECKS=0 */;
/*!40014 SET @OLD_FOREIGN_KEY_CHECKS=@@FOREIGN_KEY_CHECKS, FOREIGN_KEY_CHECKS=0 */;
/*!40101 SET @OLD_SQL_MODE=@@SQL_MODE, SQL_MODE='NO_AUTO_VALUE_ON_ZERO' */;
/*!40111 SET @OLD_SQL_NOTES=@@SQL_NOTES, SQL_NOTES=0 */;

DROP TABLE IF EXISTS `shop_catalog`;
CREATE TABLE `shop_catalog` (
  `id` int(10) unsigned NOT NULL AUTO_INCREMENT COMMENT 'ID разделов',
  `name` varchar(100) COLLATE utf8_unicode_ci NOT NULL COMMENT 'название разделов',
  PRIMARY KEY (`id`),
  UNIQUE KEY `name` (`name`)
) ENGINE=InnoDB AUTO_INCREMENT=101 DEFAULT CHARSET=utf8 COLLATE=utf8_unicode_ci comment 'каталог товаров магазина';

INSERT INTO `shop_catalog` VALUES ('5','accusamus'),
('1','adipisci'),
('16','aspernatur'),
('98','at'),
('72','atque'),
('22','aut'),
('64','beatae'),
('31','blanditiis'),
('8','consequatur'),
('23','consequuntur'),
('78','debitis'),
('94','dicta'),
('34','dignissimos'),
('51','distinctio'),
('15','dolorem'),
('82','dolores'),
('66','ducimus'),
('17','ea'),
('99','earum'),
('9','eius'),
('97','eligendi'),
('41','enim'),
('55','eos'),
('93','error'),
('2','est'),
('14','et'),
('30','eum'),
('52','ex'),
('38','excepturi'),
('80','exercitationem'),
('88','facere'),
('62','fugiat'),
('7','fugit'),
('71','harum'),
('83','hic'),
('48','id'),
('77','illo'),
('21','illum'),
('95','impedit'),
('81','in'),
('59','incidunt'),
('87','inventore'),
('76','ipsam'),
('74','iusto'),
('84','labore'),
('44','libero'),
('37','magnam'),
('11','magni'),
('33','maiores'),
('90','minima'),
('39','modi'),
('60','molestiae'),
('42','mollitia'),
('69','nam'),
('63','natus'),
('50','necessitatibus'),
('89','neque'),
('68','nihil'),
('26','nisi'),
('19','non'),
('67','odio'),
('91','odit'),
('49','officia'),
('100','omnis'),
('35','pariatur'),
('27','perspiciatis'),
('75','porro'),
('57','praesentium'),
('73','quae'),
('56','quas'),
('24','qui'),
('43','quia'),
('13','quis'),
('58','quisquam'),
('36','quo'),
('3','quos'),
('86','ratione'),
('32','recusandae'),
('54','reiciendis'),
('4','repellendus'),
('40','reprehenderit'),
('65','rerum'),
('46','sed'),
('20','similique'),
('96','sint'),
('10','sit'),
('28','sunt'),
('85','suscipit'),
('25','tempore'),
('70','temporibus'),
('53','tenetur'),
('92','totam'),
('61','unde'),
('79','vel'),
('18','velit'),
('12','veniam'),
('6','veritatis'),
('47','voluptate'),
('29','voluptatem'),
('45','voluptatum'); 

DROP TABLE IF EXISTS `products`;
CREATE TABLE `products` (
  `product_id` bigint(20) unsigned NOT NULL AUTO_INCREMENT comment 'ID родукта',
  `catalog_id` int(10) unsigned NOT NULL comment 'ID каталога',
  `product_name` varchar(100) COLLATE utf8_unicode_ci NOT NULL comment 'название продукта',
  `description` varchar(255) COLLATE utf8_unicode_ci DEFAULT NULL comment 'описание доп.информации продукта',
  `product_price` decimal(11,2) DEFAULT NULL comment 'цена продукта для клиента',
  `created_at` datetime DEFAULT current_timestamp() comment 'дата добавления',
  `updated_at` datetime DEFAULT current_timestamp() ON UPDATE current_timestamp() comment 'дата обновления',
  PRIMARY KEY (`product_id`),
  KEY `catalog_id` (`catalog_id`),
  KEY `product_name` (`product_name`),
  CONSTRAINT `products_ibfk_1` FOREIGN KEY (`catalog_id`) REFERENCES `shop_catalog` (`id`) ON UPDATE CASCADE
) ENGINE=InnoDB AUTO_INCREMENT=101 DEFAULT CHARSET=utf8 COLLATE=utf8_unicode_ci comment 'товары';

INSERT INTO `products` VALUES ('1','1','pariatur','Qui ut harum culpa. Explicabo itaque omnis quaerat voluptatem. Quia aperiam vero fugit rerum rerum. Amet aspernatur veniam deleniti.','309.00','2002-09-08 00:00:00','1987-01-01 00:00:00'),
('2','2','sit','Adipisci velit quidem sit itaque quo saepe sed consectetur. Rerum exercitationem sapiente ipsam et. Nobis voluptates aspernatur rerum. Officiis inventore voluptatibus eligendi non vel accusantium voluptatem.','255.00','1989-04-14 00:00:00','1998-01-06 00:00:00'),
('3','3','veritatis','Quam molestias tempora eum. Eveniet vel cupiditate magni voluptas ullam sapiente perferendis. Sequi enim sed doloribus aspernatur. Optio mollitia neque nostrum alias dolore rerum atque.','61.00','2017-11-18 00:00:00','1991-05-10 00:00:00'),
('4','4','maxime','Saepe quia illo eius atque totam nisi nisi. Qui pariatur nostrum omnis earum molestias. Sit quia reiciendis et reprehenderit.','325.00','1974-06-11 00:00:00','1975-07-29 00:00:00'),
('5','5','ratione','Error repellat voluptates nihil fuga non. Odio ex quas modi voluptas aliquid. Quasi et quas tempora ex sunt commodi.','350.00','1995-07-18 00:00:00','2014-07-26 00:00:00'),
('6','6','consectetur','Aut sint eaque eligendi ut. Voluptate consequuntur ea ab omnis ut. Sunt vel quo veniam at temporibus facilis.','187.00','1986-05-07 00:00:00','2008-09-16 00:00:00'),
('7','7','minima','Non nihil iste provident pariatur. Illum quod in qui velit. Quae voluptatibus consequatur asperiores sunt.','467.00','1993-11-17 00:00:00','1975-12-08 00:00:00'),
('8','8','molestiae','Ducimus sit eius quas repellat molestias dolores. Quo reiciendis consequatur voluptate qui distinctio et. Accusantium error et et quisquam natus dolor. Aut porro voluptas quae aut.','271.00','1993-03-25 00:00:00','1970-04-10 00:00:00'),
('9','9','quis','Rerum nesciunt placeat exercitationem et voluptas. Ullam molestias occaecati tenetur repudiandae veritatis qui perferendis. In voluptate in doloremque provident aspernatur vero amet. Aut itaque provident numquam quia ad.','453.00','2009-02-13 00:00:00','2009-12-19 00:00:00'),
('10','10','laboriosam','Debitis et ducimus quo nostrum et quisquam. Eos dolores ut dolorem. Dolores saepe et et.','178.00','1976-11-07 00:00:00','1973-02-03 00:00:00'),
('11','11','rerum','Repellendus est aut non totam non. Ipsum nesciunt consequuntur ab praesentium. Occaecati quidem ipsum et facilis veniam vitae amet.','495.00','1971-06-20 00:00:00','2020-08-30 00:00:00'),
('12','12','suscipit','Aut ea veritatis nihil ut earum qui ut. Vitae sed sequi beatae tenetur. Velit maiores similique ut dolorem.','385.00','1999-04-05 00:00:00','1986-06-27 00:00:00'),
('13','13','quis','Consequatur sunt aperiam sapiente sunt. Aut consequatur earum rem ut dolor. Et perspiciatis ea sint consequuntur eaque itaque. Itaque tenetur qui modi.','283.00','1975-07-14 00:00:00','2004-01-03 00:00:00'),
('14','14','praesentium','Sequi saepe animi optio accusantium. Rerum perferendis qui ullam dicta necessitatibus. Dolores ut quisquam quod corporis saepe numquam.','151.00','2016-08-11 00:00:00','2002-05-10 00:00:00'),
('15','15','quis','Nesciunt voluptates aut in molestias velit placeat facilis. Aut qui minus et earum. Aut non vero sunt iusto ex quam magnam. Qui vitae non enim nulla eos ipsa quo voluptate. Temporibus vel et est.','262.00','2008-06-24 00:00:00','2000-04-21 00:00:00'),
('16','16','eveniet','Nulla ullam aut id et. Quasi est harum enim voluptatum modi qui. Deleniti accusantium aut rerum temporibus. Eaque sunt et ullam magnam.','366.00','1996-06-18 00:00:00','2018-06-03 00:00:00'),
('17','17','repellat','Temporibus velit et consequatur quas dolor quis. Dicta cumque corrupti ut asperiores quidem. Ut voluptates reiciendis vero sit est. A est tempora nihil omnis iste nihil.','492.00','1980-03-26 00:00:00','1998-06-08 00:00:00'),
('18','18','et','Nam eos iste eum corporis illo similique laborum. Repellat sint eligendi consequatur a vero doloribus autem. Consequatur sit non et at nostrum quos perferendis. Totam quisquam omnis et eos quae autem.','58.00','1981-03-17 00:00:00','1979-08-10 00:00:00'),
('19','19','eum','Dolor dolorum voluptatem voluptatem veniam rerum voluptatem. Eos tempora modi eius et quia rerum. Omnis ipsa temporibus nisi autem sunt voluptas.','282.00','1991-07-13 00:00:00','1996-11-07 00:00:00'),
('20','20','veniam','Enim eaque voluptatem neque enim aliquid. Accusamus dolorem minus id quasi quia totam tempore. Repellendus iure enim labore itaque blanditiis.','244.00','1992-01-27 00:00:00','1991-06-26 00:00:00'),
('21','21','et','Iure magnam nihil laudantium ex necessitatibus architecto. Consectetur voluptates nulla ducimus est enim sequi et. Rerum ipsa nobis quia tempore atque aut ea. Dolores quia veniam incidunt.','253.00','1980-07-18 00:00:00','1976-10-21 00:00:00'),
('22','22','eum','Accusamus sapiente molestias et doloremque. Cum omnis possimus neque aut ipsum excepturi. Vero enim nesciunt veritatis ipsam iste odit quasi reprehenderit.','425.00','1976-02-09 00:00:00','2013-07-03 00:00:00'),
('23','23','aut','Ut necessitatibus nemo sequi deserunt sapiente eum quam. Sit ut incidunt a architecto omnis dolorem. Assumenda id aut sunt nobis explicabo. Voluptates sit distinctio molestiae cupiditate.','485.00','2001-08-11 00:00:00','1988-11-10 00:00:00'),
('24','24','dolor','Fuga minus facilis voluptates unde id quisquam provident. Eos alias qui ut eveniet repudiandae. Fuga veritatis saepe et reiciendis deserunt et sequi esse. Porro quis ex quam.','56.00','1980-04-12 00:00:00','2017-04-11 00:00:00'),
('25','25','quia','Sed occaecati repellendus veniam recusandae error sed officiis. Magni voluptate vel et excepturi sed et. Eos adipisci nihil occaecati.','95.00','1999-10-18 00:00:00','1985-10-31 00:00:00'),
('26','26','sed','Fugiat ullam alias doloremque dolor. Iste et cupiditate ullam culpa sed consequatur. Ea iusto sint eum. Dolores quae eos voluptatem quia.','413.00','1989-06-14 00:00:00','2016-09-23 00:00:00'),
('27','27','repellendus','Omnis autem voluptatem error quis. Sapiente consequatur placeat fugit possimus.','397.00','1989-03-24 00:00:00','1994-01-08 00:00:00'),
('28','28','reiciendis','Molestias expedita perferendis dicta nemo voluptatum. Sunt sit ullam atque voluptatem.','67.00','1970-12-15 00:00:00','1983-08-20 00:00:00'),
('29','29','provident','Labore et magni dolores fugit voluptate. Deserunt repellat rerum quis at quo. Qui non fugiat assumenda dignissimos fugiat laboriosam rem. Odio repellendus est ipsam et quia voluptatem. Provident nemo a provident natus.','297.00','1975-09-12 00:00:00','2008-05-29 00:00:00'),
('30','30','ducimus','Error debitis impedit praesentium aperiam libero quo. Error in id modi. Est perferendis omnis nobis culpa. Voluptatem quas ut sint corporis voluptas.','468.00','2009-08-21 00:00:00','1990-02-19 00:00:00'),
('31','31','omnis','Quo laudantium aperiam error ut eum et. Ut vel vel id totam quod dolores qui. Consectetur sunt aut consequatur dolores perspiciatis autem. Ullam amet delectus dolorem et dolorem labore reprehenderit.','361.00','1994-05-12 00:00:00','1986-01-22 00:00:00'),
('32','32','repellendus','Exercitationem quis incidunt vitae odio ipsa. Aliquid praesentium tempora expedita officia. Magnam accusamus eligendi aut tenetur et necessitatibus atque nobis. Rerum sint et sit nihil est laborum.','295.00','1976-05-11 00:00:00','1980-05-11 00:00:00'),
('33','33','ut','Expedita vel in qui ad. Minus possimus consequatur a ullam laudantium. Animi quo in eveniet fugit consequatur qui.','362.00','2013-10-05 00:00:00','1978-11-19 00:00:00'),
('34','34','consectetur','Harum ea qui ab. Corrupti dolorum labore velit officiis illo. Voluptatem porro quod mollitia officia earum quae.','284.00','1983-01-02 00:00:00','1976-07-19 00:00:00'),
('35','35','maxime','Non minima ab qui voluptatem voluptatem animi minus a. Porro in non rerum. Rerum a quas fugit porro. Provident beatae recusandae neque qui inventore ut ut. Temporibus vero et nihil explicabo repudiandae recusandae.','363.00','2006-02-06 00:00:00','1980-10-07 00:00:00'),
('36','36','quisquam','Reiciendis quia nesciunt quia est nostrum. Vel magnam laudantium consequatur est. Aut molestiae voluptatem omnis temporibus eos similique tenetur unde. Aliquid et id neque dolor animi.','305.00','1980-06-30 00:00:00','2007-09-26 00:00:00'),
('37','37','nisi','Minima asperiores vel accusantium est harum. Molestiae veniam quia optio non. Fuga quis cupiditate non commodi quae dignissimos. Odit repellendus et animi et odio voluptates.','115.00','2002-09-22 00:00:00','1994-08-10 00:00:00'),
('38','38','et','Commodi laboriosam vel sunt soluta sed laborum distinctio qui. Reprehenderit a temporibus maiores cumque. Dolores adipisci accusantium quis illum et.','101.00','1986-05-04 00:00:00','1991-01-08 00:00:00'),
('39','39','impedit','Unde accusamus omnis possimus. Ipsa rem sit eum autem laudantium harum. Incidunt enim id dolorem. Totam enim doloremque omnis modi animi est rem.','23.00','1995-03-17 00:00:00','2012-05-07 00:00:00'),
('40','40','debitis','Ipsam vero eum enim ea. Possimus maxime id reprehenderit eos excepturi est. Ipsam voluptatem nulla nostrum veritatis. Culpa qui ea suscipit id. Recusandae sint praesentium iste et delectus.','129.00','1999-12-12 00:00:00','1991-06-15 00:00:00'),
('41','41','enim','Ipsum ut possimus minima sit. Ipsam dignissimos sint sit quaerat maxime.','448.00','1989-05-30 00:00:00','1997-08-11 00:00:00'),
('42','42','et','Qui blanditiis quo deleniti veritatis. Blanditiis dolor ducimus atque nobis. Nostrum tempore debitis molestiae porro amet est excepturi.','215.00','2012-11-19 00:00:00','2020-08-20 00:00:00'),
('43','43','vel','Necessitatibus dolorum eum reiciendis odio necessitatibus at. Ratione possimus dignissimos autem qui tenetur aut. Ratione occaecati qui et quos earum.','153.00','1997-10-09 00:00:00','1971-11-19 00:00:00'),
('44','44','maxime','Nulla consequuntur vero facilis explicabo. Omnis neque necessitatibus occaecati optio inventore inventore. Ipsum quod enim placeat deleniti dolorem sit.','310.00','1976-11-16 00:00:00','2020-08-04 00:00:00'),
('45','45','reiciendis','Voluptates velit non est est id quis architecto. Magnam facilis aut doloribus suscipit quos aliquid. Ut quia repellat corporis qui fugit. Iste suscipit illo unde officia corporis sint fugiat. Sit neque autem officia consequuntur.','294.00','2016-09-12 00:00:00','1995-04-05 00:00:00'),
('46','46','non','Et ipsum nesciunt aut eum. Vitae voluptatibus quisquam suscipit necessitatibus. Dolores deleniti expedita qui suscipit corporis delectus quo distinctio.','332.00','1992-07-21 00:00:00','1983-06-28 00:00:00'),
('47','47','cupiditate','Deleniti modi corporis sunt qui est eos. Tempora iste sit nihil iste numquam. Explicabo dolores vel ut rerum architecto.','217.00','1997-06-12 00:00:00','1983-01-01 00:00:00'),
('48','48','soluta','Dicta harum totam ad impedit dolorem voluptas. Velit eveniet molestias consequatur quos repudiandae cupiditate. Est et maxime error. Voluptatem quia est consequuntur deserunt et libero.','491.00','2011-06-08 00:00:00','1993-01-31 00:00:00'),
('49','49','consectetur','Ipsa iure perferendis quibusdam nisi. Rerum quibusdam omnis consequuntur ab et iure sit. Minima rerum consequuntur iure esse. Labore ab omnis ducimus repellendus sit.','80.00','1971-07-06 00:00:00','2008-07-01 00:00:00'),
('50','50','illo','Magnam sunt pariatur qui illum et enim labore molestias. Unde tenetur sint sed eligendi aliquid aut. Et ut saepe repellendus ut sed. Quis et aut omnis qui quia libero.','51.00','1977-01-04 00:00:00','1995-06-19 00:00:00'),
('51','51','et','Sequi laborum natus nihil aut tempora quae. Dolores qui debitis magnam est autem. Sit quae hic officiis alias et dicta. Qui molestiae at dolores quam quo sapiente.','482.00','1999-03-15 00:00:00','1996-06-09 00:00:00'),
('52','52','quia','Perferendis fugit fugit libero iste sint natus repellendus. Enim reiciendis exercitationem nemo vitae quibusdam excepturi facilis. Tempora quos quo cumque sit quis.','315.00','1984-12-04 00:00:00','2011-06-12 00:00:00'),
('53','53','error','Maxime velit dignissimos ut at. Vero pariatur velit officia alias. Nulla consequatur vitae quis aut tempore. Nesciunt cum dolore nostrum similique.','185.00','1975-03-28 00:00:00','1994-12-07 00:00:00'),
('54','54','laudantium','Veritatis maxime sit quis in in tenetur adipisci. Beatae nobis quasi qui magnam maiores autem. Illo maiores minima doloremque commodi. Nam non est nesciunt delectus quo aliquid beatae exercitationem.','246.00','1970-09-14 00:00:00','2000-10-25 00:00:00'),
('55','55','dignissimos','Hic sunt fugiat officia dolores deserunt. Vitae commodi placeat dolorum eveniet tempore et sint. Qui voluptas aspernatur consequatur nostrum.','496.00','2009-02-06 00:00:00','1988-12-25 00:00:00'),
('56','56','esse','Qui quia illum et amet. Facere accusantium blanditiis quis veritatis. Nisi sunt error facilis sint.','450.00','1980-03-19 00:00:00','1998-08-23 00:00:00'),
('57','57','corrupti','Soluta vero ut alias praesentium. Quas id et voluptatem fugit voluptatem rem repudiandae fugiat. Architecto placeat architecto sint.','131.00','1972-01-09 00:00:00','1978-03-31 00:00:00'),
('58','58','eos','Enim et nihil totam omnis provident consectetur unde amet. Molestias soluta ipsa quo laborum doloremque. Aspernatur dolores architecto dolores tempora. Cum sapiente dolorem cumque occaecati minus voluptas.','467.00','1977-09-09 00:00:00','2011-02-06 00:00:00'),
('59','59','repudiandae','Ut qui sunt maxime totam et vitae. Ducimus et earum deserunt cumque totam. Aut exercitationem unde veniam sunt vitae quasi.','72.00','2012-11-07 00:00:00','2019-02-01 00:00:00'),
('60','60','quia','Ipsa dolorum consequatur dignissimos eaque porro autem. Sunt quae sequi dolorum aliquam doloribus voluptas et. Placeat rerum est excepturi quo nostrum sit rerum iure. Nihil explicabo accusantium voluptatum.','333.00','1970-05-27 00:00:00','2002-11-26 00:00:00'),
('61','61','et','Consequatur voluptatem quia unde facere aspernatur. Id est rerum beatae sit natus eveniet error. Sint consequuntur aut velit.','336.00','1988-07-10 00:00:00','1979-03-26 00:00:00'),
('62','62','autem','Aspernatur excepturi quo quia eveniet. Omnis reiciendis qui quis aut aut dignissimos non. Eius excepturi iste omnis hic velit.','195.00','1977-07-03 00:00:00','1992-01-13 00:00:00'),
('63','63','ducimus','Quo voluptates atque voluptas ex amet quis minima maxime. Doloremque consequuntur omnis tempore quia. At voluptatibus et maxime eum neque.','426.00','2009-01-26 00:00:00','1993-09-18 00:00:00'),
('64','64','repellendus','Modi aperiam autem explicabo architecto odit dolorum. Consequatur quis quia minima velit repudiandae sit expedita.','292.00','1986-02-24 00:00:00','1989-08-11 00:00:00'),
('65','65','voluptatum','Deserunt et aut id eos quam odio eaque qui. Occaecati eos nostrum pariatur soluta iure. Cupiditate illum ratione consequatur et. Dolorum facilis et eaque ut sint inventore.','336.00','2006-08-22 00:00:00','1981-06-21 00:00:00'),
('66','66','voluptatibus','Optio incidunt culpa consequatur quia perspiciatis eos facere rem. Dolorum laudantium aut aut. Voluptatibus veniam vero nihil consequatur.','305.00','1996-07-15 00:00:00','2008-08-16 00:00:00'),
('67','67','corrupti','Sit pariatur debitis tenetur aspernatur. Aliquam et non quam dolorum. Sed aut quis voluptatem cupiditate labore nemo quaerat.','20.00','1983-10-20 00:00:00','1988-08-15 00:00:00'),
('68','68','porro','Debitis reprehenderit sit sed. Recusandae et quisquam ducimus consectetur. Sed aut modi illum velit. Doloribus ut aliquid eius libero.','441.00','1985-01-11 00:00:00','2018-06-01 00:00:00'),
('69','69','aliquam','Laboriosam nisi quo sit animi sit itaque. Alias aut sit eaque rem aperiam. Praesentium et quod beatae laborum et rerum.','240.00','1980-06-26 00:00:00','2004-12-28 00:00:00'),
('70','70','consequatur','Harum numquam libero saepe aut dolor molestiae. Molestiae repellat consequatur fugit quia officiis. Et omnis ut quis ducimus est. Et doloribus dolorem eveniet quo vero non quia fugit.','252.00','1997-08-02 00:00:00','1998-08-30 00:00:00'),
('71','71','optio','Delectus consequatur et voluptates nihil quia nobis eveniet. Ducimus et cum rerum at hic. Harum voluptatem laudantium eum omnis iure quasi magni quia. Repudiandae magnam qui eaque voluptas quaerat numquam.','61.00','1995-11-18 00:00:00','2010-12-06 00:00:00'),
('72','72','consequuntur','Nesciunt architecto vero laborum qui. Quis et nam in et suscipit consectetur labore voluptates.','209.00','2018-07-14 00:00:00','2010-09-01 00:00:00'),
('73','73','qui','Quaerat at et autem nostrum quaerat qui fuga. Nostrum praesentium vitae aspernatur optio animi impedit tenetur ipsa. Ipsam dolore labore amet tempore corporis.','29.00','1996-05-03 00:00:00','1974-06-24 00:00:00'),
('74','74','rem','Recusandae reprehenderit consequatur et necessitatibus dicta omnis autem occaecati. Accusantium laborum laudantium architecto at. Aliquam corporis aspernatur velit porro quam minima fugit quia. Incidunt at accusantium at.','453.00','2013-11-02 00:00:00','2019-06-25 00:00:00'),
('75','75','veritatis','Repellendus fugit voluptatum consequatur id. Consequatur est commodi omnis et doloribus. Architecto expedita tempore molestiae est. Doloribus voluptatem vero consequatur.','341.00','1991-04-05 00:00:00','1993-11-18 00:00:00'),
('76','76','illo','Sint et dicta distinctio voluptas. Dignissimos doloremque odio sed et quam deleniti maiores. Aut est illo non ratione debitis optio.','295.00','2008-01-15 00:00:00','1993-04-24 00:00:00'),
('77','77','sint','Illo sit architecto cum accusamus modi quis praesentium. Accusamus est et asperiores ea non sequi. Ex incidunt eius voluptatem quasi quae eveniet ullam voluptas. Vitae voluptates minus distinctio perspiciatis eius corporis. Facilis eos quisquam numquam cu','176.00','2000-04-07 00:00:00','1979-06-29 00:00:00'),
('78','78','commodi','Magni maxime voluptates illum quia cupiditate. Et nam enim nostrum delectus. Quisquam non quo error ut harum.','198.00','1983-10-30 00:00:00','2009-09-19 00:00:00'),
('79','79','numquam','Reiciendis quis quas velit porro. Doloribus est autem numquam labore quisquam voluptate omnis. Vero voluptatem sint repellendus ut et mollitia.','286.00','2015-10-02 00:00:00','2004-01-30 00:00:00'),
('80','80','repellendus','Pariatur est dolores ab cum totam sit laudantium. Temporibus omnis est voluptatem deserunt est. Neque distinctio labore nihil fugiat et qui fugiat. Inventore doloribus porro est in aut minima sunt.','464.00','2011-03-04 00:00:00','1984-12-23 00:00:00'),
('81','81','ad','Harum quisquam quo in tempore qui quibusdam quas. In animi veritatis fugiat odit quibusdam consequuntur. Et a sunt illo eum recusandae. Vel suscipit iste ea ut.','79.00','2005-04-05 00:00:00','2011-03-09 00:00:00'),
('82','82','quis','Enim et vel optio. Quam blanditiis ad maiores. Praesentium voluptate ab qui doloribus.','65.00','1974-10-10 00:00:00','1975-04-13 00:00:00'),
('83','83','eum','Veritatis laudantium voluptas similique voluptatem ut magni sit. Facere et est non rerum.','351.00','2017-07-07 00:00:00','2011-08-23 00:00:00'),
('84','84','eum','Non voluptatem deserunt repudiandae. Ut autem nobis dolor ut. Laborum maiores aut id assumenda enim. Quia quo eius voluptatem harum atque est necessitatibus. Esse ipsam quis sed qui.','53.00','1997-05-01 00:00:00','1991-07-29 00:00:00'),
('85','85','sunt','Aut et qui fuga quia autem. Sed labore beatae debitis qui nihil voluptatem aut. Dolore aut optio est voluptatem aspernatur soluta et qui. Ea aut praesentium fugiat tempora deserunt.','211.00','2016-08-26 00:00:00','1998-09-28 00:00:00'),
('86','86','laudantium','Fugit fugit nostrum nihil ut consequuntur. Ut non sapiente fugiat nihil cupiditate tenetur. Saepe officiis quia velit similique esse deserunt sit. Dolores fugiat eius dolor quidem officiis qui eaque.','297.00','1991-12-10 00:00:00','2003-08-09 00:00:00'),
('87','87','cum','Sit aut ullam aut architecto qui dignissimos. Totam nisi sit enim magnam voluptatem aspernatur possimus. Asperiores repudiandae aut quibusdam nam excepturi omnis ea.','203.00','1987-08-12 00:00:00','1997-12-12 00:00:00'),
('88','88','odio','Et possimus quibusdam iste velit aut ut sint. Suscipit doloremque omnis voluptas. Suscipit voluptas iste et incidunt voluptas eos enim. Eos quo soluta non laborum architecto magni et.','237.00','2016-02-08 00:00:00','2019-07-15 00:00:00'),
('89','89','qui','Mollitia molestiae veritatis ut reprehenderit voluptatum quaerat nostrum. Modi reiciendis corrupti qui et. Quos repellendus provident tempore ea quia. Molestias quasi est distinctio doloremque et temporibus cupiditate debitis. Laboriosam non adipisci sint','419.00','1985-08-11 00:00:00','1985-08-11 00:00:00'),
('90','90','non','Aut nihil atque consequatur aut laboriosam. Voluptates nihil quibusdam eos harum. Ut repudiandae aut ad sint dolorum.','89.00','1985-05-11 00:00:00','1979-11-02 00:00:00'),
('91','91','voluptas','Deleniti nostrum quasi suscipit non quaerat. Dolor nulla ut non. Non saepe omnis animi.','105.00','1975-07-02 00:00:00','1984-11-18 00:00:00'),
('92','92','voluptate','Est illum numquam reiciendis qui sed. Natus dolores tempora est facilis temporibus. Occaecati sit est incidunt asperiores.','116.00','1977-08-01 00:00:00','1973-12-08 00:00:00'),
('93','93','iure','Vel voluptatem dolores corporis cupiditate facere provident corporis. Voluptatem quisquam laboriosam laboriosam fugit in qui. Veniam dolor repellat ratione possimus. Consequatur minus sed voluptas sequi asperiores consequuntur. Doloribus sed officia qui v','469.00','1976-01-01 00:00:00','2005-06-10 00:00:00'),
('94','94','consectetur','Voluptas in voluptatem et dolores perspiciatis. Quia rerum eligendi quis ut iusto illum quidem. Voluptatibus mollitia voluptas molestiae laborum facere consequatur rerum. Culpa aliquid possimus illo dolores dolor. Exercitationem corrupti nesciunt voluptat','413.00','1995-05-25 00:00:00','1973-08-21 00:00:00'),
('95','95','deserunt','Sapiente quo ad aliquid dolorem sit. Minima itaque harum tenetur sint omnis accusantium. Assumenda quasi amet commodi omnis quos placeat.','224.00','1974-08-29 00:00:00','2004-07-06 00:00:00'),
('96','96','consequuntur','Qui veniam sapiente eum tenetur totam. Ut et porro molestiae sit non atque. Vitae tempore aut laudantium pariatur sapiente. Tempore aut aut dolores eaque.','144.00','2012-11-04 00:00:00','1985-05-22 00:00:00'),
('97','97','architecto','Fuga qui magnam eligendi. Labore sunt fuga at. Voluptates dolor cum distinctio veritatis unde. Nemo dignissimos voluptates numquam sint soluta.','498.00','2011-04-29 00:00:00','1995-11-04 00:00:00'),
('98','98','nisi','Eveniet natus qui molestiae aut. Doloremque quasi voluptates illo. Facilis amet libero adipisci odio et facere. Impedit autem reprehenderit non ullam est consequuntur.','72.00','1980-03-16 00:00:00','1976-02-09 00:00:00'),
('99','99','dignissimos','Dolores ducimus et consequatur est illo perferendis est in. Itaque architecto dignissimos soluta a ab quae aliquid. Non eius voluptate rerum laborum sit molestiae illo.','481.00','1992-05-04 00:00:00','1972-02-13 00:00:00'),
('100','100','est','Consequatur et qui nisi omnis pariatur. Pariatur iusto quia facere officiis quae vel explicabo. Ratione magnam odio ea aut. Veritatis magnam saepe quis vero.','281.00','1978-09-22 00:00:00','2007-04-10 00:00:00'); 

update products set catalog_id = 1 where product_id < 11;
update products set catalog_id = 2 where product_id > 10 and product_id < 21;
update products set catalog_id = 3 where product_id > 20 and product_id < 35;
update products set catalog_id = 4 where product_id > 35 and product_id < 47;
update products set catalog_id = 5 where product_id > 47 and product_id < 56;
update products set catalog_id = 6 where product_id > 56 and product_id < 61;
update products set catalog_id = 7 where product_id > 60 and product_id < 77;
update products set catalog_id = 8 where product_id > 77 and product_id < 101;


DROP TABLE IF EXISTS `discounts`;
CREATE TABLE `discounts` (
  `category_id` int(10) unsigned NOT NULL comment 'ID каталога',
  `product_id` bigint(20) unsigned NOT NULL comment 'ID родукта',
  `discount_name` varchar(50) COLLATE utf8_unicode_ci DEFAULT NULL comment 'название акций',
  `discount %` tinyint(4) DEFAULT NULL comment 'скидка в процентах',
  `starts_at` datetime DEFAULT NULL comment 'начало акции',
  `ends_at` datetime DEFAULT NULL comment 'окончание акции',
  KEY `product_id` (`product_id`),
  KEY `category_id` (`category_id`),
  CONSTRAINT `discounts_ibfk_1` FOREIGN KEY (`product_id`) REFERENCES `products` (`product_id`) ON UPDATE CASCADE,
  CONSTRAINT `discounts_ibfk_2` FOREIGN KEY (`category_id`) REFERENCES `products` (`catalog_id`) ON UPDATE CASCADE
) ENGINE=InnoDB DEFAULT CHARSET=utf8 COLLATE=utf8_unicode_ci comment 'акции';


insert into discounts values (5,5,'новогодняя распродажа', 10, '2019-12-21', '2020-01-7'), 
(8,8,'новогодняя распродажа', 27, '2019-12-27', '2021-01-7'),
(30,30,'распродажа', 01, '2013-12-21', '2013-05-3'),
(10,10,'новогодняя распродажа', 11, '2019-12-21', '2020-01-7'),
(5,5,'распродажа', 20, '2019-10-21', '2020-01-7'),
(1,1,'новогодняя распродажа', 34, '2019-12-21', '2020-01-7'),
(3,3,'новогодняя распродажа', 33, '2009-12-21', '2010-01-7'),
(1,1,'новогодняя распродажа', 11, '2003-12-25', '2004-01-7'),
(1,1,'распродажа', 2, '2019-12-21', '2020-01-7'),
(17,17,'новогодняя распродажа', 17, '2020-01-11', '2020-01-12');

DROP TABLE IF EXISTS `clients`;
CREATE TABLE `clients` (
  `client_id` bigint(20) unsigned NOT NULL AUTO_INCREMENT COMMENT 'ID клиента (выдается автоматически)',
  `firstname` varchar(50) COLLATE utf8_unicode_ci NOT NULL comment 'Имя (обязательно)',
  `lastname` varchar(50) COLLATE utf8_unicode_ci NOT NULL comment 'Фамилия (обязательно)',
  `address` varchar(100) COLLATE utf8_unicode_ci DEFAULT NULL comment 'адрес (не обязателен)',
  `email` varchar(100) COLLATE utf8_unicode_ci DEFAULT NULL comment 'email (не обязателен)',
  `phone` bigint(20) unsigned DEFAULT NULL comment 'телефон не обзательно',
  `client_type` enum('new','regular','privileged','company') COLLATE utf8_unicode_ci DEFAULT 'new',
  `date` date DEFAULT NULL comment 'дата (не обязательно)',
  PRIMARY KEY (`client_id`),
  UNIQUE KEY `phone` (`phone`),
  KEY `client_full_name` (`firstname`,`lastname`)
) ENGINE=InnoDB AUTO_INCREMENT=101 DEFAULT CHARSET=utf8 COLLATE=utf8_unicode_ci comment 'клиенты магазина';

INSERT INTO `clients` VALUES ('1','Ivy','Corwin','9302 Jaeden Shores\nWest Rollinchester, ID 56021','gchamplin@example.org','358505071007','regular','2001-06-03'),
('2','Terry','Morissette','6474 Friesen Route\nWizafort, NE 88836-3275','monahan.ova@example.net','358485918730','new','2000-04-12'),
('3','Everette','Jacobson','806 Herman Station Apt. 149\nNorth Alvenamouth, KS 84176-2203','levi.treutel@example.com','358452586378','regular','2002-03-01'),
('4','Oceane','Eichmann','97601 O\'Conner Drive\nEloiseborough, MA 89558-2892','ciara95@example.org','358504965187','new','1998-09-25'),
('5','Melissa','Brekke','06486 Roselyn Valleys\nNew Karley, LA 45038-5073','gaston89@example.org','358467787991','new','1985-07-07'),
('6','Theresia','Hahn','313 Sporer Spurs Apt. 609\nMarquiseton, MA 55167-4785','jasen03@example.org','358456642158','company','1998-07-28'),
('7','Bobby','Koss','513 Dixie Coves\nLake Damianland, WA 49968-2476','gerlach.candace@example.org','358442699179','company','2020-01-05'),
('8','Jensen','Pollich','40349 Carmella Brook\nSouth Helentown, VT 21955','nfisher@example.org','358464997683','company','2010-11-09'),
('9','Friedrich','Fay','3782 Hudson Mission Apt. 316\nPort Ursula, UT 32482','natasha.moore@example.org','358496376861','regular','2020-09-05'),
('10','Eden','Blanda','538 Eliezer Skyway Apt. 298\nPort Daniellastad, DE 37861-7792','ines32@example.net','358446344928','company','1992-08-08'),
('11','Margarette','Haag','0127 Enrico Loop\nDasiafort, MT 42684','hermiston.ara@example.net','358507311294','company','1990-06-03'),
('12','Garrison','Grady','67500 Audie Springs Apt. 702\nPort Urban, CT 26108','amber37@example.com','358489526258','privileged','1997-03-08'),
('13','Aiyana','Weimann','67654 Stroman Manor\nWest Akeemside, GA 08937','konopelski.haley@example.org','358470748755','new','1974-04-04'),
('14','Flavie','Emard','832 Kreiger Track Suite 436\nNorth Jamesonchester, WV 00062','jaron04@example.com','358459451399','new','2004-11-22'),
('15','Celestino','Conroy','037 Hammes Ferry Apt. 630\nWest Monroeview, TN 86495-9102','wisoky.ezra@example.net','358464903356','regular','2008-01-09'),
('16','Colt','Osinski','1518 Hammes Street Apt. 179\nTodberg, ME 18205-4536','krohan@example.org','358505702392','regular','1994-04-09'),
('17','Winnifred','Kris','327 Jones Land\nLake Makenziebury, MI 30651-8467','nzemlak@example.com','358471987897','company','2010-06-18'),
('18','Alexanne','Smith','999 Steuber Stream Suite 673\nDareshire, NY 31309','schroeder.matt@example.org','358448001922','new','1980-06-29'),
('19','Aletha','Daniel','867 Sauer Corner Apt. 812\nMoenport, WA 28431','thalvorson@example.com','358447196056','company','1978-12-28'),
('20','Korbin','Beier','62266 Verdie Passage Apt. 489\nKutchton, DE 63984-8860','neoma93@example.com','358460096998','company','1976-02-28'),
('21','Norwood','Bechtelar','31946 Vada Dale\nEast Garland, HI 89185','lmarvin@example.org','358466949163','new','1989-05-01'),
('22','Evangeline','Wisozk','593 Terry Fort\nSouth Ebbamouth, AK 01529-4019','reva.miller@example.com','358483101531','regular','2002-03-29'),
('23','Rudolph','Jacobs','43386 Delphine Garden\nPort Mikebury, AZ 97847-3652','franz.ledner@example.net','358504213278','company','2002-12-31'),
('24','Fay','Emard','603 Shanahan Port Apt. 313\nPort Manleybury, UT 86220','purdy.jarret@example.com','358499580825','regular','2015-04-12'),
('25','Kareem','Lindgren','2571 Gulgowski Keys\nLake Dusty, SC 75740-2456','audrey.schowalter@example.org','358451103953','new','1987-08-23'),
('26','Coralie','Terry','010 Purdy Hollow Apt. 576\nKuhicberg, AL 78003','wkreiger@example.org','358503793494','privileged','1988-04-20'),
('27','Cydney','Heller','8068 Murphy Summit\nWest Jayde, OH 48849-2732','gussie.johnson@example.net','358492723796','new','1983-09-29'),
('28','Michael','Schulist','84696 Hansen Crescent Suite 799\nTorpberg, CA 69590','durward09@example.com','358454720342','company','1985-01-10'),
('29','Lucienne','Schiller','2533 Jace Crescent\nSouth Aurelioberg, DC 08941','conor83@example.com','358465834474','privileged','1970-05-22'),
('30','Laura','Beier','2130 George Neck Apt. 448\nLake Ericka, NH 49270-0508','alexa93@example.net','358484055638','privileged','1989-11-23'),
('31','Camron','Rempel','21200 Kuphal Isle\nSouth Millerside, WA 27328-9083','ukovacek@example.org','358487308477','new','1983-06-07'),
('32','Kole','Stracke','867 Auer Key\nLindfurt, ME 33249-4241','telly82@example.net','358482212642','regular','2018-09-09'),
('33','Darby','Haley','379 Schuppe Junctions\nNew Elmiraview, ID 38725-6736','deonte36@example.net','358451882523','privileged','1998-06-01'),
('34','Andreane','Kozey','002 Jacquelyn Shores\nSouth Roxanne, KS 64583-9374','mac.herman@example.net','358479624285','regular','1997-09-25'),
('35','Audrey','Conn','55965 Eric Plains Suite 574\nHackettmouth, WY 88059','gail26@example.net','358445469621','privileged','1984-03-07'),
('36','Adan','Reynolds','7056 Bode Street\nDouglasmouth, VT 89148','angela.mosciski@example.net','358472676458','regular','1973-07-22'),
('37','Eldred','Bergstrom','517 Beatty Wall\nNorth Jasminstad, NJ 18231','yabbott@example.org','358469772946','company','1998-11-14'),
('38','Kallie','Buckridge','7357 Haley Track\nWest Al, AK 29516-1010','ewalter@example.com','358475296265','privileged','2008-07-26'),
('39','Deja','Kub','586 Rosario Burgs\nWest Elisa, SD 32524-1164','pat.pollich@example.net','358495413403','company','1987-01-05'),
('40','Candelario','Leffler','788 Jeanette Burg\nLake Rosalyn, LA 34815-5768','wolff.garrett@example.net','358485217330','regular','1973-06-19'),
('41','Queenie','Considine','1758 Mitchell Expressway\nAudreanneville, KY 99380-2535','berge.brandi@example.org','358481509629','privileged','1972-02-25'),
('42','Isobel','Marvin','5362 Garrick Lights\nLake Jacey, TX 80105','fo\'keefe@example.org','358460546574','regular','1991-05-12'),
('43','Bryon','Sipes','58692 Malachi Road\nEribertomouth, WV 60454-6771','bonita72@example.org','358489292009','privileged','2003-11-13'),
('44','Roberta','Schmitt','14252 Tillman Plains Apt. 872\nEast Opal, RI 12225','pwolf@example.net','358492984482','regular','2011-09-25'),
('45','Alana','Lemke','406 Melba Throughway\nPort Allene, DE 84887-8184','danika.wunsch@example.com','358488400972','company','1978-08-12'),
('46','Rosella','Moen','7411 Lonnie Flat\nDillonshire, DC 61682-0042','eugene.runolfsdottir@example.com','358443800973','company','1999-01-19'),
('47','Anabelle','Mills','103 Nicholaus Mall\nStantontown, GA 15474-4216','tbruen@example.org','358496996315','new','1993-04-27'),
('48','Monique','Howe','66201 Mitchell Ridges Suite 055\nSchadenton, OK 32609-1557','hodkiewicz.earl@example.net','358501458987','new','1985-04-01'),
('49','Johnpaul','Keebler','613 Jacobi Expressway Suite 506\nWisozkhaven, NM 42422','lschaefer@example.com','358446672879','company','2004-05-30'),
('50','Aletha','Mann','9981 Brando Mount\nKuhlmanmouth, DC 17437','rodolfo48@example.net','358469272488','privileged','1977-01-08'),
('51','Tiara','Hane','559 Padberg Rapid\nHoracioberg, TX 67351-3764','ichristiansen@example.org','358488907252','new','2017-09-01'),
('52','Aidan','Dibbert','118 Heloise Fields\nPort Harveyhaven, NE 52429-6496','lacey28@example.org','358489816555','new','2009-09-29'),
('53','Rosa','Klein','0258 Zander Burgs Suite 803\nNew Jevon, SC 50280-4145','lillian54@example.org','358462574280','privileged','2017-01-18'),
('54','Dayton','Dare','560 Priscilla Lodge\nLake Reyna, ID 45660-9720','dcummings@example.net','358453539184','privileged','1985-09-13'),
('55','Elisa','Dietrich','056 Olson Flats Apt. 744\nElwynmouth, LA 46378-2658','stanton72@example.org','358464460498','company','2000-05-05'),
('56','Stephania','Schoen','4605 Mallory Landing\nRainaland, NE 95061','mable.bednar@example.com','358464509848','company','1973-04-01'),
('57','Vidal','Jacobson','21663 O\'Hara Knolls\nKonopelskifurt, MD 86847','halle.rau@example.com','358496766678','company','2011-10-29'),
('58','Annabel','Deckow','2866 Conrad Summit Apt. 397\nSouth Vicenteburgh, MA 58181','zaria31@example.net','358469825222','regular','2015-05-15'),
('59','Ottis','Walker','67060 Frami Cliff\nGrantfort, OH 94494','green.effie@example.net','358465087437','privileged','2014-01-07'),
('60','Laurine','Altenwerth','6867 Candida Alley Apt. 338\nKristinbury, MO 54718','larkin.jordane@example.net','358496084613','privileged','2006-08-31'),
('61','Paula','Koelpin','1287 Smith Via\nNew Llewellyn, FL 99320','kuvalis.michaela@example.net','358464709941','new','1971-06-16'),
('62','Lacey','Denesik','4707 Dickinson Street Suite 206\nSouth Moisesbury, KY 02258','wiegand.enid@example.com','358457677214','new','1975-01-15'),
('63','Lauriane','Sanford','76115 General Center Apt. 229\nEast Lilly, AZ 38160','xbogisich@example.org','358467917597','privileged','2002-09-18'),
('64','Ervin','Hodkiewicz','762 Jesse Gardens Suite 243\nKautzertown, AZ 39986-6890','joshuah.lockman@example.net','358443499735','privileged','2000-03-28'),
('65','Fern','Ward','759 Lizeth Run Suite 102\nNorth Felicialand, DC 46544-8760','eunice42@example.net','358489390654','new','1997-07-24'),
('66','Letitia','Schimmel','71675 Johanna Key\nAndersonhaven, OR 67061-1991','qlind@example.org','358447169633','regular','1976-10-20'),
('67','Easter','Cronin','538 Arvel Hollow Apt. 491\nWest Rahsaan, DC 96919','jtowne@example.com','358456395025','regular','1995-10-31'),
('68','Clovis','Fisher','9032 Prohaska Drive Suite 738\nEast Bretborough, CT 82683','rohan.margarete@example.com','358483116852','company','2007-09-18'),
('69','Natalia','Stamm','2077 Ken Rest\nEast Amyfort, DE 96741','kaylin91@example.net','358501060420','privileged','2012-02-25'),
('70','Thad','Nolan','9829 Bruen Stream\nEast Kayleemouth, GA 96532','celine.keebler@example.com','358466515335','regular','2016-07-02'),
('71','Verlie','Flatley','8381 Elfrieda Knoll Apt. 442\nSouth Taurean, CA 07727','neoma75@example.com','358488278837','company','1988-04-04'),
('72','Elizabeth','Deckow','395 Justen Fork Apt. 547\nLake Wavashire, OR 90103','botsford.scarlett@example.com','358463528772','new','1985-08-29'),
('73','Liliane','Cremin','348 Farrell Falls\nPort Edyth, CA 42306','o\'reilly.raymundo@example.com','358509739009','company','1995-11-28'),
('74','Forrest','Kuvalis','1614 Norbert Point\nNorth Kaleb, CO 38125-1894','ibalistreri@example.org','358474149454','company','1976-09-15'),
('75','Layla','Fahey','75265 Wayne Village Apt. 733\nHowelltown, MA 97669-9078','funk.rickey@example.com','358464924670','company','2004-06-29'),
('76','Tristin','Turcotte','911 Marion Road\nBergnaumberg, OR 79429-4059','conroy.donavon@example.com','358464214965','company','1978-03-24'),
('77','Eloisa','Mann','22342 Kade Trail\nEast Wilma, NJ 78765','veda.hudson@example.com','358480506783','regular','2013-09-08'),
('78','Retha','Homenick','85342 Schiller Lake Suite 997\nLucianofurt, NE 75879','wisozk.stanton@example.com','358492078988','regular','1987-03-12'),
('79','Kody','Wilderman','6246 Cole Crest\nLake Lilliantown, WA 64063-1256','ngreenholt@example.net','358444401691','new','1989-08-16'),
('80','Abigail','Rogahn','7841 Selena River\nNorth Desmond, HI 94786','condricka@example.net','358457847520','privileged','2004-11-23'),
('81','Rosalee','Goldner','92827 Reba Fall\nSauerland, IL 19972-3738','xwitting@example.net','358492135097','privileged','1989-05-07'),
('82','Guadalupe','Quitzon','470 Eliezer Shores\nStephaniafort, TX 56292-5143','mozell33@example.org','358482690109','new','2013-10-10'),
('83','Rex','Kautzer','69122 Durgan Course\nEast Bennyside, MI 21615','ddach@example.org','358442349502','company','1997-10-19'),
('84','Delilah','Morar','86359 Bauch Rue Suite 227\nSouth Rosendoburgh, NY 16039-3257','zstark@example.org','358466502726','company','2020-07-11'),
('85','Calista','Metz','6809 D\'Amore Ranch Apt. 784\nLake Emieborough, VA 03481-1229','jstokes@example.com','358442292408','company','1978-07-29'),
('86','Domenico','Satterfield','16245 Roma Plains Suite 338\nLorenafort, UT 68200-5382','qweissnat@example.net','358487834560','new','2013-05-22'),
('87','Antonia','Kovacek','79784 Reilly Fork\nGerlachview, PA 46538-0817','hartmann.audra@example.net','358503585845','company','2010-06-27'),
('88','Dillan','Ankunding','5893 April Turnpike\nWest Harley, AK 64820','bauch.carli@example.org','358505609429','regular','1993-05-06'),
('89','Daisy','Roberts','09502 Shane Springs Apt. 146\nNovaside, MT 34542','smitham.nels@example.net','358449469106','company','2020-09-04'),
('90','Ambrose','Parker','06604 Josephine Bridge Apt. 324\nNorth Marytown, NC 92014-8622','robel.isadore@example.net','358448879372','new','1994-07-11'),
('91','Beatrice','Bernier','5411 Curtis Meadow\nBatzmouth, WA 77373-1171','jessyca.yost@example.com','358469028457','privileged','1970-09-17'),
('92','Elise','Kertzmann','32710 Hosea Port Suite 730\nUptonfurt, CO 05547','chaim.gerhold@example.com','358455826813','regular','1981-02-23'),
('93','Keegan','Rodriguez','05831 Yundt Roads Suite 923\nStoltenbergside, IL 31782-4718','kennedi.monahan@example.org','358491959832','company','1995-02-23'),
('94','Curt','Kozey','171 VonRueden Centers Suite 956\nMireyaland, WA 86842-9188','uschamberger@example.org','358452721398','company','2020-02-24'),
('95','Nichole','Reilly','715 Marks Forge Suite 967\nNew Gordon, WV 28792-9892','erwin.koepp@example.org','358449052278','company','2003-06-13'),
('96','Burnice','Zieme','404 Elnora Rapids\nNorth Clair, ME 14077','schneider.willow@example.org','358471387955','regular','2000-10-20'),
('97','Kailyn','Ondricka','0655 King Fall Suite 680\nNew Tevin, MD 45762','palma.runolfsdottir@example.com','358455578040','regular','2008-09-10'),
('98','Lamont','Little','22744 Tyrell Island\nEast Brice, WV 65981-9385','deja.balistreri@example.net','358462976276','company','2017-08-29'),
('99','Rowan','Bins','04892 Montana Grove Apt. 722\nLake Kolby, CA 44176-2907','jakubowski.cordie@example.org','358447585099','regular','1970-12-02'),
('100','Torrance','Gulgowski','08646 Patience Hollow\nLake Matilda, IN 30041','hbartoletti@example.org','358483813188','privileged','1989-07-31'); 

DROP TABLE IF EXISTS `providers`;
CREATE TABLE `providers` (
  `provider_id` bigint(20) unsigned NOT NULL AUTO_INCREMENT,
  `provider_name` varchar(255) COLLATE utf8_unicode_ci DEFAULT NULL COMMENT 'имя постовщика',
  `product_type` varchar(100) COLLATE utf8_unicode_ci DEFAULT NULL COMMENT 'тип поставляемой продукции',
  `product_description` varchar(255) COLLATE utf8_unicode_ci DEFAULT NULL COMMENT 'описание постовляемых товаров',
  `provider_country` varchar(50) COLLATE utf8_unicode_ci DEFAULT NULL COMMENT 'страна производителя',
  `addet_at` datetime DEFAULT current_timestamp() COMMENT 'дата добавления',
  PRIMARY KEY (`provider_id`)
) ENGINE=InnoDB AUTO_INCREMENT=101 DEFAULT CHARSET=utf8 COLLATE=utf8_unicode_ci COMMENT='поставщики продукции';

INSERT INTO `providers` VALUES ('1','ex','quas','Rerum ut quam in. Aliquam autem ea dolorum fugiat asperiores quas. Quaerat magni accusantium qui cum iste. Itaque asperiores voluptatem id est et aut ab harum. Eum veniam qui tempore velit nihil.','Stokesfort','1979-03-31 16:45:10'),
('2','qui','et','In omnis at ipsam voluptate atque nulla. Id aperiam ut a ut qui voluptas atque. Molestiae amet quia aut aut mollitia.','Raubury','1976-08-26 11:08:01'),
('3','ea','iusto','Recusandae amet autem velit voluptatem eveniet inventore. Labore qui eligendi libero qui. Repellat impedit aut est soluta reprehenderit consequuntur facilis.','West Gerhard','1976-05-27 21:31:03'),
('4','impedit','ut','Et similique voluptatem cupiditate debitis nam. Ullam enim voluptatum vitae voluptatem voluptatibus labore. Fugit harum et nostrum quia molestias dolore molestiae.','Harrismouth','1982-03-27 15:09:22'),
('5','inventore','dolorum','Eum nemo ut voluptas aut et molestiae qui sit. Dicta sed iure omnis eum quo minus necessitatibus. Omnis aperiam aliquam occaecati. Sint dolor ab ut non officiis similique saepe quasi.','New Cecil','1972-09-17 22:16:22'),
('6','ut','aspernatur','Aliquam quia corporis voluptas culpa vitae. Atque nobis corporis dolores ad illum. Eius consectetur inventore ea iste unde eum necessitatibus voluptatem. Molestias deserunt non dolorem amet alias explicabo nostrum sed.','Metzmouth','1981-10-24 22:51:24'),
('7','dignissimos','nemo','Reprehenderit deleniti repudiandae voluptate consequatur aspernatur quaerat sequi. Alias provident mollitia qui adipisci ut ad ut. Voluptatibus recusandae molestias aut non maiores iste ut.','South Miachester','1977-04-03 22:59:48'),
('8','ut','et','Cupiditate et est et illo. Autem ut numquam dolores qui officiis. Magnam repudiandae quia earum earum exercitationem dignissimos.','New Taliaburgh','2015-08-23 01:16:12'),
('9','possimus','optio','Dolor ipsa beatae ut assumenda dolor maiores molestiae. Eaque et dicta veritatis et reprehenderit qui. Ullam quam et sequi est. Ut reprehenderit veritatis officia nobis iste.','Giuseppebury','2012-01-21 10:44:22'),
('10','quis','ad','Autem ipsam dolores itaque. Voluptate aliquid pariatur non qui quia corporis laboriosam. Quisquam dicta quia voluptatum perspiciatis deserunt quia et. Iste sit consequuntur voluptas deserunt deleniti.','Bradtkeville','2005-06-30 07:30:09'),
('11','reiciendis','saepe','Exercitationem ut non voluptate qui quia consequuntur est. Ullam debitis exercitationem ratione illum. Omnis non nihil corporis sapiente culpa.','Hankstad','2001-05-04 00:33:30'),
('12','sed','omnis','Voluptatem rerum neque corrupti quisquam consequatur. Sed iusto quo et voluptatem dolorum numquam. Quibusdam in est quis quas.','New Dena','2010-11-21 23:17:17'),
('13','dolor','fugit','Voluptatibus laudantium nesciunt quo quisquam. Aut sed id neque et doloremque. Fugit qui adipisci laborum occaecati. Labore non eos deleniti.','Rennerhaven','2013-01-30 21:51:29'),
('14','officiis','commodi','Laudantium quibusdam totam ut atque nostrum vitae non distinctio. Qui sunt incidunt temporibus dolorem est atque. Explicabo earum eaque nihil rem illum dolorum. Corporis alias atque totam repellendus aut.','North Noahmouth','1993-01-02 15:43:01'),
('15','excepturi','explicabo','Explicabo culpa assumenda commodi neque nihil. Reprehenderit qui voluptate labore doloribus et incidunt. Dolor autem impedit vel cum rerum.','New Werner','2007-06-16 00:57:23'),
('16','quia','a','Animi eum quasi occaecati quod. Voluptatum exercitationem eos perferendis perspiciatis quo corporis molestiae. Sunt qui est qui saepe sit libero nam.','Eulaliaberg','2015-07-21 23:16:59'),
('17','est','iusto','Dolorem numquam fugit ut sed consequatur fugiat. Molestiae aperiam odio quia consequuntur quos. Sit velit modi unde. Et earum ex id quidem iste qui vel illum.','Lilianeside','1997-06-02 19:08:12'),
('18','facere','ea','Saepe nobis autem est consequatur veritatis occaecati. Sit expedita incidunt culpa ea incidunt non. Rerum sint eveniet quos distinctio expedita voluptas.','Gerholdburgh','1973-09-12 12:25:11'),
('19','non','molestias','Quia sequi magnam odio. Et iusto quo est. Eveniet doloremque et voluptates quas hic ut.','East Alfonzohaven','2015-09-12 07:21:54'),
('20','tempora','consequuntur','Dolor sed aspernatur excepturi. Non expedita aliquam corporis praesentium. Ut est ea a.','New Keonmouth','2013-02-19 08:49:03'),
('21','repellat','harum','Nisi eum eligendi fugit mollitia ut sunt vero. Quia voluptatum eius rerum praesentium. Iste ut dolores similique dolores sed error. Beatae est maiores eveniet quibusdam suscipit cumque.','Scarlettside','2007-03-17 19:29:40'),
('22','aut','ipsam','Nisi modi qui voluptas illo. Totam maiores sequi dolore libero voluptatem. Cupiditate voluptatem at laudantium magnam. Provident quibusdam quas accusantium placeat aut id et.','New Ottilie','1985-01-05 06:22:22'),
('23','veritatis','occaecati','Deserunt voluptatibus quisquam eius voluptatibus rerum. Quia aliquam voluptas suscipit sapiente sequi minus. Ut cupiditate deserunt et asperiores. Libero nihil non ipsa suscipit.','VonRuedenfurt','2006-09-08 19:16:18'),
('24','odit','quia','Eveniet consectetur deleniti deleniti deserunt temporibus minus. Aliquid tempore enim praesentium odio consectetur repellat. Atque quis beatae tempora et quo dolores officia ab. Saepe suscipit omnis neque laudantium et et.','South Santino','2001-11-25 00:29:43'),
('25','nam','tempore','Doloribus qui magnam corrupti provident saepe at inventore. Accusantium dolorum adipisci eius voluptas et. Rerum voluptatem eos quos libero. Ipsam dolores iusto aut voluptatibus quia.','New Hayley','2001-02-26 21:48:03'),
('26','qui','voluptate','Officia fugit adipisci omnis optio ut sed porro ut. Aut ratione dolor aliquid corporis culpa voluptatem id velit. Aspernatur minus iste dolores saepe.','West Destineefurt','1994-09-26 04:31:09'),
('27','similique','omnis','Officiis amet earum odio iste adipisci corporis. Dignissimos et dolores molestias expedita sapiente eos. Sunt dolor qui facere. Rerum rerum sit aliquam unde. Repellendus qui ipsam id aut.','Emilview','1972-10-27 00:05:56'),
('28','enim','aut','Alias delectus possimus ipsa. Voluptas aut nihil ipsam deserunt ut iste. Vel ut dolore ratione ut ex.','Namemouth','1984-11-06 16:00:03'),
('29','ut','vero','Cupiditate molestiae ut illum consequatur. Omnis enim ipsa non nobis est optio assumenda explicabo. Inventore non voluptas amet eos enim cupiditate.','New Brantshire','2017-07-18 07:30:24'),
('30','quia','aut','Ad enim delectus provident ex atque blanditiis temporibus. Cum voluptas aut non accusantium nesciunt nisi eligendi. Omnis sed dolores qui et ex similique qui. Beatae consequatur doloribus libero et voluptas eveniet.','South Madieside','1992-05-10 14:14:32'),
('31','ullam','consequuntur','Ut enim sint ratione nihil sunt id. Laboriosam inventore eum beatae ipsam omnis architecto et. Velit aut id eius aut numquam enim.','Elizafort','1988-07-15 12:21:10'),
('32','perferendis','laborum','Id sint atque qui officia deleniti alias ad. Sunt nemo veniam necessitatibus ipsam. Et in sint sed minima sint soluta rerum. Eos tempore soluta mollitia et maxime.','West Rudolphtown','1993-02-19 03:34:29'),
('33','fuga','amet','Totam velit sed et quibusdam sunt. Autem labore perferendis officiis aut. Vel qui beatae molestiae vitae veritatis ratione quo.','West Arden','1990-05-25 11:14:58'),
('34','ullam','dolorem','Quia perspiciatis tempora a veniam dolor. Eos quas molestiae voluptatem tenetur. Aliquam recusandae totam aliquam laborum. Tenetur neque adipisci necessitatibus aperiam qui ut nihil ad.','Parisianton','1971-04-16 12:25:10'),
('35','id','placeat','Ipsam omnis error similique sapiente mollitia et. Accusamus voluptas dolores id explicabo. Consequatur a beatae et qui nihil sint quia.','Reynoldsberg','2006-10-14 21:32:24'),
('36','consequatur','ullam','Beatae sit velit sapiente dolores. Et fugit delectus eos aspernatur earum accusantium excepturi enim.','East Jamey','1994-03-29 02:32:29'),
('37','et','debitis','Ab quia voluptatem optio optio cumque. Voluptas provident doloremque fuga qui neque facere sit. Delectus eveniet et aut minus mollitia quia qui. Eligendi dolore sed enim consequatur nesciunt corporis.','Karianemouth','1971-03-18 08:37:22'),
('38','reiciendis','doloribus','Ullam sit nam nobis dolores voluptas dolores eos. Voluptatem rerum et velit qui hic et sed occaecati.','North Trevion','1989-04-15 16:48:46'),
('39','ut','qui','Qui esse eum cum rerum. Consequatur necessitatibus ex exercitationem id perferendis eum. Atque quia nam dicta sint iste. Id id dicta voluptatibus voluptatum.','Veldafort','1987-09-23 11:07:48'),
('40','veniam','dolor','Maxime quisquam commodi et ducimus id quo natus. Omnis voluptatibus aut asperiores perspiciatis. Quia excepturi ut fugiat id tempore est.','Karenview','2015-03-14 11:20:11'),
('41','eligendi','nisi','Inventore fuga id commodi omnis iure corrupti. Ut ipsa et adipisci eum quia et molestiae repellendus. Vero omnis quibusdam ex et aut quia.','Johnathonburgh','2013-10-08 10:19:03'),
('42','incidunt','veritatis','Et fuga omnis ipsum. Eaque officiis non qui ullam laborum modi. Ea voluptatem quas repudiandae sed. Eum rem natus enim ut repellat eius suscipit qui.','North Kevin','2019-12-27 09:16:53'),
('43','ut','dolorem','Illo non voluptatem maxime eaque aut. Blanditiis quibusdam et repudiandae et eaque consequuntur esse. Accusamus libero iusto aspernatur molestiae.','West Mavishaven','1984-04-01 23:06:16'),
('44','dolor','voluptatum','Est voluptates quidem eum eaque recusandae. Voluptates sit autem voluptatem veritatis. Similique repellat sapiente assumenda consequuntur. Enim a ab perferendis consequatur itaque eligendi sed.','Huelport','2000-12-18 05:40:26'),
('45','a','nihil','Fugit rerum molestiae et non explicabo est iste inventore. Sit in sint non porro in assumenda. Ullam sed labore laborum amet illo aut. Accusantium rem in enim reiciendis cupiditate voluptate non. Est voluptatem accusantium excepturi consequatur aut sed.','Guiseppehaven','2004-10-14 00:26:25'),
('46','ut','sunt','Eveniet ut aut quis nesciunt. Officia ut qui eum qui. Facere voluptatem sint eos commodi voluptatibus. Tenetur dolor error ab repellendus nemo quis qui cumque.','Lake Assunta','1974-06-09 14:46:25'),
('47','saepe','est','Totam quia qui error ut. Dolor eaque sunt at illum assumenda ipsa autem.','North Jeffery','2005-05-22 04:32:04'),
('48','dolores','tenetur','Aspernatur incidunt non cum esse maxime. Rem dolor qui voluptates aliquid reprehenderit. Officiis iusto et iure nostrum provident consectetur ut.','Port Thelma','2020-05-28 09:37:16'),
('49','totam','consectetur','Est molestiae quibusdam perspiciatis iusto sed aliquam quis. Dolor veniam laboriosam at delectus consequuntur nulla. Id sit iusto qui dolores laboriosam. Quisquam autem dolores ut consequatur. Sed quia impedit maiores nesciunt.','Waterschester','1987-08-04 12:46:29'),
('50','aut','et','Omnis laborum vero ut aut. Necessitatibus tempora iste ducimus voluptas blanditiis.','North Rosa','2013-09-28 13:49:22'),
('51','illum','eos','Atque qui sit explicabo inventore praesentium. Optio perspiciatis quo nostrum nulla quis quo aut. Dolorum et nobis molestias vero in.','East Ciaraview','1990-01-19 14:59:47'),
('52','molestiae','optio','Voluptas totam aut perspiciatis debitis quisquam. Sit inventore tenetur deleniti voluptates. Dolore aut doloremque omnis doloremque qui. Asperiores rerum aut nostrum ipsum autem architecto et.','Lake Annabell','2003-09-02 04:17:22'),
('53','impedit','eligendi','Repudiandae saepe illo maxime error alias. Neque sunt eos cupiditate commodi ut in. Corporis iusto provident sed sit ratione impedit. Rerum ex voluptatem sequi id sint deserunt ipsam nemo.','North Geovanyfurt','2004-12-08 16:58:55'),
('54','eaque','nulla','Voluptatem cupiditate possimus tenetur doloribus. Ea iusto explicabo mollitia quis molestias. Autem assumenda velit et quo. Rerum ut deserunt fugit officia.','Beckermouth','2010-06-16 14:04:30'),
('55','sunt','blanditiis','Magni sit iste laudantium aut eveniet incidunt pariatur. Qui qui magni temporibus minima vel. Reprehenderit et ipsa impedit earum necessitatibus tempora ipsa vero.','Hagenesmouth','2001-09-29 20:15:40'),
('56','nam','quo','Et odit quisquam voluptatem sit minima maxime. Id et voluptas sunt nam saepe labore.','Lake Irwin','1998-08-07 14:21:55'),
('57','vel','culpa','Aspernatur quia vel a non voluptatem. Pariatur ratione animi corrupti. Rerum harum eligendi voluptate.','South Lenora','1974-02-06 17:41:09'),
('58','sed','rem','Sed libero reiciendis aliquam sit dolores. Voluptate commodi dolores tenetur. Corrupti nesciunt ipsum unde aut est voluptas omnis. Cumque a eius nam tenetur.','Lake Reba','1973-11-25 01:31:50'),
('59','quod','iure','Ut exercitationem enim quidem tempore. Qui omnis optio vitae ipsam et exercitationem soluta. Quisquam sint modi incidunt.','Metzfurt','1976-02-03 21:20:50'),
('60','nesciunt','architecto','Aperiam ut consequuntur quos delectus. Eaque aliquid incidunt voluptas occaecati delectus sint est.','Effertzmouth','1973-05-15 20:06:39'),
('61','iste','nulla','Expedita accusantium maxime quo earum voluptate tempore deleniti. Dolorum et quis ut suscipit. Dolores debitis voluptate commodi eos illo. Assumenda inventore ipsa in sit consequatur impedit.','Phyllisshire','1972-08-11 22:07:24'),
('62','consequatur','rerum','Perferendis et sed vitae maiores modi impedit perferendis. Similique quos eos et debitis et. Quos voluptatum similique ex vitae sit dolor necessitatibus. Quas voluptas expedita et eos beatae iure illo.','Port Judah','1985-03-20 16:38:03'),
('63','sint','ut','Eaque ut fuga et repudiandae est. Dolorem officiis provident qui quos dolore. Sapiente quaerat minima ratione reprehenderit unde.','New Olgaburgh','1980-04-29 09:12:47'),
('64','est','quia','Dolorem velit eum sint corporis molestias numquam in. Aut vitae quidem optio quia consectetur sint veniam. Temporibus eaque voluptatem quos et quo. Sit culpa quia autem ab accusamus. Ut libero cumque mollitia est.','Orntown','2001-10-18 10:52:08'),
('65','dolor','inventore','Officia hic minima nesciunt totam velit magnam quaerat. Natus praesentium impedit sed culpa perspiciatis. Ullam corrupti aliquid et distinctio neque porro tenetur. Nulla iusto voluptatibus at doloribus.','South Myrticeberg','2007-12-15 15:40:43'),
('66','sint','beatae','Facilis id aut sed totam inventore beatae unde est. Ad non ipsum enim rerum quos. Et aut facilis omnis quis.','Casperhaven','1982-02-15 20:49:50'),
('67','nihil','quibusdam','Ipsum ea nostrum quidem aliquid repellat hic. Voluptatem expedita quidem eveniet id in dolores facere. Et aut similique iure aperiam quidem. Perspiciatis quasi aut iure magnam omnis. Eius mollitia et maxime cumque labore et.','Port Fridafort','2016-07-08 14:18:15'),
('68','delectus','sapiente','Eaque esse aut qui recusandae tempore esse explicabo porro. Tempora rerum in facere corporis iure. Incidunt inventore dicta reprehenderit dolores. Nesciunt voluptas dolorum facere consequuntur cumque est.','Saigeton','1993-01-30 14:08:32'),
('69','fuga','doloribus','Consequuntur deleniti commodi totam. Velit doloremque consequatur velit tempore. Voluptatum dolor rerum optio quia consequatur ut totam. Id molestiae omnis itaque in facilis.','Ullrichborough','1974-12-20 11:31:04'),
('70','a','sunt','Et unde amet voluptates et rerum. Non quis cupiditate eius quod. Et aliquam et blanditiis velit dicta quo possimus. Necessitatibus distinctio doloremque dolore ea non aperiam.','Shanahanbury','1979-09-02 13:13:56'),
('71','ut','id','Repellendus iusto ratione ut natus in. Minus et nostrum rerum rerum exercitationem inventore quibusdam nobis. Aliquam pariatur et et a dolores hic. Nemo eaque ut molestiae ad.','Schusterview','1993-07-17 10:05:26'),
('72','temporibus','quaerat','Ut odio quia rerum consequatur corrupti earum. Consequatur a non doloremque sit deserunt beatae dicta. Accusamus rem sequi blanditiis et sunt omnis. Mollitia minima alias aliquid sint est sit.','Lake Brayan','1971-02-08 17:03:49'),
('73','eveniet','et','Quibusdam omnis sit fugiat officiis debitis et. Distinctio esse quaerat ut. Et ea molestias cumque consequatur qui qui. Quod et maiores laboriosam voluptatem autem ducimus.','Alfton','2001-03-05 07:28:06'),
('74','id','eum','Omnis et aspernatur natus expedita dicta. Sint ut iste aspernatur dignissimos accusamus et expedita. Esse perferendis asperiores eum fuga aut accusantium quis est.','Treutelborough','1971-01-25 08:06:22'),
('75','eos','ut','Ut fuga et ut aut quia labore voluptate. Fugit eaque nihil vitae nostrum ut vel dolorum. Perspiciatis maxime culpa dolor dicta.','South Karineport','1976-04-14 14:13:57'),
('76','quia','ut','Tempora architecto reiciendis est ipsa dolorem. Facere dolores eaque voluptas ex exercitationem laboriosam nihil. Fugit dolorum soluta rerum dolorem. Accusantium quia aliquam nisi eum quasi. Quis commodi aut aut iure consectetur expedita.','Lake Joshuah','1989-09-13 05:10:22'),
('77','debitis','distinctio','Voluptatum omnis ut rerum corporis deleniti tempora molestiae. Perferendis inventore quaerat assumenda quibusdam enim. Voluptatibus aut expedita delectus perferendis itaque. Mollitia modi quibusdam quia ab officia est temporibus adipisci.','South Donavonview','2006-01-14 21:16:56'),
('78','aliquid','et','Veritatis nihil in voluptatem nesciunt recusandae odio. Aut ex mollitia quis voluptas. Eos odit qui sit id hic vel. Consequatur dolor distinctio perspiciatis natus. Omnis inventore perferendis laudantium dolore ad distinctio.','Port Laurianneville','2012-06-13 15:42:56'),
('79','facilis','sint','Dolorum incidunt dolores at ullam. Pariatur quisquam et voluptas est amet veritatis. Deleniti quia voluptatem sit et assumenda ea. Iusto tempora ea doloribus dignissimos suscipit repellat.','South Eribertochester','2011-04-26 18:25:42'),
('80','placeat','molestiae','Vero quos reiciendis ducimus nesciunt assumenda et voluptatem. Aliquid commodi veritatis et earum in optio eveniet reiciendis. Similique laudantium facilis dolor quas. Eos possimus in et accusantium et ipsam aliquam ducimus.','West Feliciafurt','1980-07-28 20:33:48'),
('81','vitae','non','Quia ab vel animi. Cum veritatis voluptas et ut modi. Earum eveniet odio odio.','Devynton','1983-10-02 01:30:28'),
('82','hic','soluta','Esse eos et voluptas voluptatem eligendi sequi dolores. Doloribus est tenetur quaerat voluptate sunt unde inventore natus. Quisquam ut corrupti pariatur et.','North Kevonmouth','2018-06-03 03:42:01'),
('83','eos','qui','Dolorem et omnis et non consectetur omnis possimus fuga. Praesentium assumenda qui quae impedit nisi voluptatem provident. Porro nihil quo quia consequatur. Et cumque omnis nam ipsam sed in.','East Nevaburgh','1980-10-26 01:26:05'),
('84','nisi','vero','Aut odio aut nobis placeat non excepturi aspernatur. Voluptatibus minima sequi cum. Id consequuntur quaerat ab.','Thomashaven','1988-07-11 13:57:35'),
('85','qui','sed','Ipsa eveniet iure non error ipsa. At ut ducimus accusantium non laboriosam. Natus quia dicta odit omnis sapiente. Quo hic est libero sunt aperiam ex. Et consequatur quo quia unde aperiam qui.','East Josefaview','2006-07-29 06:09:03'),
('86','blanditiis','eos','Et placeat quidem modi neque. Quia provident id eos quidem sit voluptatem.','South Gretchen','1981-05-25 00:55:04'),
('87','dolor','quidem','Provident reprehenderit qui molestias ipsum totam quis quis. Quam quasi sapiente eos itaque. Deserunt commodi id et minus ut incidunt distinctio.','Lake Brendonmouth','2010-06-07 00:16:01'),
('88','commodi','voluptatem','Veritatis reprehenderit beatae aut et repellat eligendi. Ut ea optio perspiciatis tempore accusamus eveniet hic. Repellendus officia et dignissimos est.','South Jolie','1986-03-10 10:28:21'),
('89','saepe','cumque','Id eum est nihil illum nulla dolorem eum. Cum qui qui aut suscipit est ducimus doloremque. Eos ea modi vitae sunt temporibus. Excepturi voluptatibus sapiente repellat quam recusandae necessitatibus.','West Laverna','1974-12-19 08:35:19'),
('90','laborum','possimus','Nihil tenetur et vel. Magnam dolorum quam est dolor esse. Est natus et aut modi quae autem dolores.','Lake Reyburgh','1988-06-01 07:02:19'),
('91','et','et','Velit et odio nihil eaque pariatur. Dolor itaque eligendi illum a animi ad alias. Est ut rerum eum. Dolor distinctio dicta impedit accusantium molestiae sint. Ut unde eum laudantium et et voluptatem sed.','Lubowitzchester','1987-08-07 06:29:12'),
('92','quasi','dolores','Itaque sint nihil expedita veniam. Quia ex quibusdam quod aut sapiente expedita voluptate eum. Sit delectus dolores dignissimos. Expedita in sit repellat quibusdam itaque voluptatum dolorem.','South Elseside','1971-03-01 16:26:01'),
('93','odio','distinctio','Tempore tempora quaerat perferendis. Aspernatur aut ab incidunt saepe sapiente.','Quitzonland','2001-11-26 08:21:49'),
('94','asperiores','distinctio','Blanditiis et et reprehenderit praesentium omnis. Praesentium et vitae facere necessitatibus consequatur. Aperiam quae non quos voluptatem praesentium ipsum.','Port Norwoodport','1997-10-07 04:23:51'),
('95','harum','eos','Ab laborum repellendus dolores porro. Aut error dolorum quisquam voluptas asperiores cum aut.','Antoneside','1973-07-16 04:12:53'),
('96','corporis','quibusdam','Eos veritatis omnis repudiandae est. Quo exercitationem molestiae reiciendis numquam pariatur. Ut aliquid voluptatem possimus similique et earum facilis.','Kaciborough','1991-02-20 16:08:52'),
('97','facere','saepe','Delectus deleniti quia doloribus nesciunt ipsa. Nihil est nostrum laudantium porro. Nihil ut necessitatibus qui magnam autem nemo id.','North Retashire','1992-12-17 08:51:54'),
('98','est','culpa','Nulla et nulla dolores. Suscipit quasi ut ut ipsum doloribus aperiam. Et omnis ut laborum aut quod et sed quo. Magnam quae omnis incidunt ab aut.','Herminiofort','1997-05-11 06:23:20'),
('99','cupiditate','ex','Ea commodi quia aut aliquid expedita. Aperiam excepturi iure officia animi ut quia cumque. Aut aut sequi et consequuntur dolorum explicabo sint libero.','Port Lavina','2000-07-06 23:23:32'),
('100','aut','repudiandae','Non quia voluptatem sit veniam nulla inventore. Accusamus voluptatem aut dolore eligendi. Assumenda ex maiores tempore reprehenderit sit voluptatum et.','Zemlakville','2014-06-02 15:47:00'); 

DROP TABLE IF EXISTS `external_orders`;
CREATE TABLE `external_orders` (
  `order_id` bigint(20) unsigned NOT NULL AUTO_INCREMENT,
  `client_id` bigint(20) unsigned NOT NULL,
  `product_name` varchar(100) COLLATE utf8_unicode_ci NOT NULL COMMENT 'название продукта',
  `ordered_at` datetime DEFAULT current_timestamp() COMMENT 'дата заказа',
  `delivered_at` datetime DEFAULT NULL COMMENT 'дата доставки заказа',
  `total_price` decimal(11,2) DEFAULT NULL COMMENT 'общая цена заказа',
  PRIMARY KEY (`order_id`),
  KEY `client_id` (`client_id`),
  KEY `product_name` (`product_name`),
  CONSTRAINT `external_orders_ibfk_1` FOREIGN KEY (`client_id`) REFERENCES `clients` (`client_id`) ON UPDATE CASCADE
) ENGINE=InnoDB AUTO_INCREMENT=201 DEFAULT CHARSET=utf8 COLLATE=utf8_unicode_ci COMMENT='заказы частных клиентов';

INSERT INTO `external_orders` VALUES ('101','1','optio','2010-05-11 14:49:15','2016-10-02 22:19:01','2926.99'),
('102','2','et','1992-07-22 08:38:53','1999-06-24 08:40:18','13595.00'),
('104','4','et','1996-11-22 02:15:44','2008-10-13 04:31:17','14840.70'),
('105','5','non','1975-01-31 10:07:49','2004-04-09 05:21:47','11287.00'),
('106','6','ducimus','2006-10-28 12:29:12','2003-09-29 19:45:59','9346.00'),
('107','7','qui','2001-05-02 18:05:36','1978-01-20 23:38:47','14796.20'),
('108','8','laboriosam','1990-12-25 14:07:04','2013-06-18 03:58:37','9384.19'),
('109','9','et','1975-01-09 02:52:04','2006-10-16 09:33:59','785.87'),
('110','10','consectetur','1981-12-08 22:56:19','2005-10-22 16:02:18','2699.41'),
('112','12','aut','1994-05-27 19:17:40','1991-01-01 12:04:11','4161.83'),
('113','13','sunt','2016-01-18 08:27:21','1970-10-23 01:36:19','1027.97'),
('115','15','ad','2004-11-15 21:03:54','1979-09-03 03:08:56','11721.43'),
('116','16','esse','1979-08-04 02:40:27','1986-06-03 09:29:40','13074.00'),
('118','18','et','2010-06-05 03:29:06','1989-05-09 17:49:27','14487.20'),
('119','19','eum','1980-10-05 11:45:55','2010-01-02 21:38:01','9190.71'),
('120','20','praesentium','1972-05-18 20:37:46','2007-07-14 21:37:23','968.13'),
('121','21','nisi','1986-04-19 23:44:26','2018-02-19 07:38:52','4727.73'),
('122','22','est','2000-12-11 10:42:11','2005-02-02 13:52:25','7303.54'),
('123','23','commodi','1978-03-22 20:44:00','1998-01-20 07:09:04','187.79'),
('124','24','omnis','1997-07-02 01:48:21','2000-04-21 05:13:07','13704.21'),
('128','28','et','1996-05-05 14:52:39','1990-11-28 07:18:35','10028.30'),
('129','29','et','1986-06-29 19:27:30','2019-07-30 18:59:06','10308.15'),
('133','33','esse','1980-02-29 23:03:40','2002-08-14 03:12:29','12049.63'),
('135','35','pariatur','2003-12-27 06:36:54','1985-04-24 03:45:16','7663.90'),
('139','39','rerum','2018-10-23 06:46:49','1988-05-13 00:05:27','5129.16'),
('147','47','ut','2019-08-26 10:48:49','2009-05-07 20:43:47','11228.30'),
('150','50','error','1991-03-28 18:33:25','2006-09-18 22:36:21','10563.62'),
('151','51','error','1970-11-01 08:53:05','2001-12-31 17:51:39','8965.00'),
('155','55','quia','1996-09-13 07:38:35','2009-02-07 19:12:17','12132.59'),
('156','56','et','1998-10-06 21:45:13','1984-01-17 06:24:42','11110.50'),
('163','63','et','2006-02-27 18:44:37','1999-12-09 07:32:01','4129.89'),
('164','64','est','2020-08-25 02:16:36','1984-12-15 22:47:01','2586.78'),
('166','66','rerum','1993-12-24 02:01:27','1971-06-20 20:06:02','6676.89'),
('167','67','non','2014-01-07 18:07:41','1986-10-04 22:23:03','14102.49'),
('168','68','quis','1981-07-13 18:17:55','1999-04-13 16:32:23','2874.29'),
('169','69','qui','2013-02-04 09:22:50','2011-01-26 19:30:15','8493.42'),
('170','70','sed','1991-02-21 23:18:24','2001-12-14 21:00:39','5774.68'),
('174','74','commodi','2017-03-02 11:07:37','2004-06-02 14:12:27','1373.74'),
('176','76','et','1986-04-11 00:57:32','1983-05-13 02:38:48','3764.30'),
('177','77','cupiditate','2000-11-22 08:54:08','2006-01-01 21:03:37','7572.09'),
('179','79','rerum','1985-04-18 11:46:06','1970-08-30 17:31:23','14015.48'),
('183','83','rerum','1973-04-25 10:27:33','2001-11-21 18:32:38','7206.06'),
('184','84','aut','1992-03-27 09:28:28','2003-05-04 16:29:28','7801.63'),
('189','89','voluptas','1983-08-29 08:50:56','1973-11-05 09:17:11','13527.39'),
('192','92','et','1984-03-23 04:14:45','2016-05-08 04:19:38','13131.00'),
('193','93','non','1982-06-23 01:56:59','1987-03-30 21:33:52','13073.84'),
('195','95','laudantium','1982-02-25 12:44:42','2008-05-26 16:10:16','10863.06'),
('196','96','sunt','1983-10-31 23:51:12','2013-03-12 13:23:10','9619.84'),
('197','97','ut','1999-10-28 22:40:16','1984-05-03 06:15:30','1634.29'),
('198','98','quisquam','1999-12-05 07:25:45','2004-04-26 07:36:45','4887.12'); 


DROP TABLE IF EXISTS `internal_orders`;
CREATE TABLE `internal_orders` (
  `order_id` bigint(20) unsigned NOT NULL AUTO_INCREMENT,
  `provider_id` bigint(20) unsigned NOT NULL COMMENT 'ID постовщика',
  `product_id` bigint(20) unsigned NOT NULL COMMENT 'ID ппродукта',
  `ordered_at` datetime DEFAULT current_timestamp() COMMENT 'дата заказа',
  `delivered_at` date DEFAULT NULL COMMENT 'дата доставки заказа',
  `total_price` decimal(11,2) DEFAULT NULL COMMENT 'общая цена заказа',
  PRIMARY KEY (`order_id`),
  KEY `provider_id` (`provider_id`),
  KEY `product_id` (`product_id`),
  CONSTRAINT `internal_orders_ibfk_1` FOREIGN KEY (`provider_id`) REFERENCES `providers` (`provider_id`) ON UPDATE CASCADE,
  CONSTRAINT `internal_orders_ibfk_2` FOREIGN KEY (`product_id`) REFERENCES `products` (`product_id`) ON UPDATE CASCADE
) ENGINE=InnoDB AUTO_INCREMENT=101 DEFAULT CHARSET=utf8 COLLATE=utf8_unicode_ci COMMENT='внутренние заказы компании';

INSERT INTO `internal_orders` VALUES ('1','1','1','2006-06-24 00:11:02','1970-12-20','2134.60'),
('2','2','2','2018-10-20 08:17:29','2014-11-29','528.39'),
('3','3','3','1996-01-05 06:18:10','2016-09-19','2982.44'),
('4','4','4','2016-02-19 12:56:33','1987-12-19','1956.14'),
('5','5','5','1975-07-26 15:51:03','1991-03-04','1578.76'),
('6','6','6','1995-08-20 22:10:25','1993-02-22','277.31'),
('7','7','7','2013-07-18 05:19:21','1998-03-26','1814.00'),
('8','8','8','2004-08-06 13:11:32','2008-11-28','2847.80'),
('9','9','9','2002-07-10 00:04:36','1996-06-05','1948.00'),
('10','10','10','1983-04-17 02:19:47','1993-02-02','1707.15'),
('11','11','11','1972-05-25 08:17:41','2001-03-17','475.61'),
('12','12','12','1982-04-22 04:34:40','2010-12-21','781.40'),
('13','13','13','1970-01-24 17:16:35','1993-04-08','87.50'),
('14','14','14','1987-07-05 18:12:48','1998-09-11','2366.51'),
('15','15','15','1980-11-26 07:10:00','2006-06-04','2426.13'),
('16','16','16','1973-03-12 20:15:17','1971-05-21','2382.61'),
('17','17','17','1990-09-24 16:21:42','1974-09-06','2752.00'),
('18','18','18','2007-04-16 14:33:40','1980-08-23','2597.63'),
('19','19','19','1996-01-05 05:06:18','1991-05-08','359.50'),
('20','20','20','1983-08-03 06:46:25','1972-07-09','479.93'),
('21','21','21','1996-05-10 23:10:17','2010-10-11','2851.00'),
('22','22','22','1992-02-14 01:57:27','1993-01-27','2696.54'),
('23','23','23','1998-07-16 04:33:27','1984-05-22','680.57'),
('24','24','24','1978-12-22 16:03:49','1984-10-03','1227.00'),
('25','25','25','1997-01-13 20:05:04','1999-10-01','1582.76'),
('26','26','26','2000-03-22 03:55:09','2013-04-09','1136.23'),
('27','27','27','2008-05-16 21:02:15','1993-07-03','2062.00'),
('28','28','28','2013-07-17 01:49:15','2001-08-04','818.20'),
('29','29','29','1980-06-27 06:36:53','2007-02-22','781.66'),
('30','30','30','2017-12-31 16:39:33','1980-08-10','879.18'),
('31','31','31','1984-01-16 21:54:24','2014-06-28','159.33'),
('32','32','32','1980-11-07 20:26:04','1989-01-04','1559.54'),
('33','33','33','2008-07-08 08:40:30','1979-04-20','1622.00'),
('34','34','34','2010-05-27 04:01:18','1977-03-11','201.40'),
('35','35','35','2011-09-07 20:11:07','2001-05-28','862.44'),
('36','36','36','1979-06-11 13:49:28','2000-07-29','569.82'),
('37','37','37','1986-08-05 09:01:13','2018-02-11','2846.00'),
('38','38','38','2019-11-21 09:05:58','1974-01-14','581.23'),
('39','39','39','1986-10-10 16:14:10','1992-03-06','1685.00'),
('40','40','40','2010-05-05 15:36:07','1992-06-25','1875.00'),
('41','41','41','1974-10-24 19:28:17','1972-09-08','899.14'),
('42','42','42','1979-03-22 02:49:30','2009-04-18','2079.83'),
('43','43','43','1996-09-11 20:04:34','2011-02-28','2328.03'),
('44','44','44','1987-12-27 04:16:20','2000-11-16','832.21'),
('45','45','45','2014-10-13 04:11:42','2010-02-03','518.22'),
('46','46','46','1992-01-01 00:57:06','1970-05-25','1301.14'),
('47','47','47','1970-10-18 00:09:24','1987-08-26','2499.81'),
('48','48','48','1998-12-20 16:49:25','2009-07-01','1666.33'),
('49','49','49','1970-12-23 13:23:24','2005-05-13','1219.18'),
('50','50','50','1989-04-26 10:20:34','1972-02-11','2322.73'),
('51','51','51','1995-03-17 18:36:39','1998-07-25','1261.05'),
('52','52','52','2009-06-18 07:38:26','2005-10-13','147.51'),
('53','53','53','1985-09-06 06:21:08','1975-08-30','1189.30'),
('54','54','54','2017-05-02 05:37:50','1973-11-13','163.88'),
('55','55','55','2017-07-24 06:44:23','2002-06-02','897.72'),
('56','56','56','2004-06-25 02:31:43','2014-01-13','436.00'),
('57','57','57','2005-03-07 07:36:38','1973-02-12','111.88'),
('58','58','58','1987-09-29 00:49:53','2017-01-30','1774.84'),
('59','59','59','2018-01-30 13:33:06','1976-09-18','1216.00'),
('60','60','60','2014-04-06 22:49:25','2003-04-18','1567.60'),
('61','61','61','1984-11-14 01:58:18','1985-06-12','2104.51'),
('62','62','62','2010-04-17 16:28:27','1994-07-16','2173.00'),
('63','63','63','1989-11-20 03:28:45','1973-02-04','597.21'),
('64','64','64','1981-06-12 23:33:53','2016-04-24','2316.00'),
('65','65','65','2007-02-13 00:55:31','2013-10-11','102.85'),
('66','66','66','1997-04-23 07:15:38','1988-07-14','2459.70'),
('67','67','67','2016-11-10 02:51:46','1996-02-13','2876.50'),
('68','68','68','2005-07-27 12:13:33','1989-06-28','363.53'),
('69','69','69','2017-08-30 18:41:41','1990-04-22','1938.84'),
('70','70','70','1992-11-05 23:10:25','2013-09-28','810.52'),
('71','71','71','1999-07-31 13:39:20','2020-05-16','1744.80'),
('72','72','72','1996-05-05 21:25:10','1983-07-04','704.38'),
('73','73','73','2001-02-28 16:34:50','2019-10-06','1285.89'),
('74','74','74','1992-10-09 07:02:58','1997-02-05','124.95'),
('75','75','75','1981-04-09 12:01:55','2009-01-16','2751.24'),
('76','76','76','2012-08-01 18:48:55','1983-11-29','92.81'),
('77','77','77','1999-11-22 00:25:37','1976-03-05','183.53'),
('78','78','78','2014-12-19 02:47:18','1970-04-22','1730.69'),
('79','79','79','2019-02-01 07:32:55','1995-11-22','255.60'),
('80','80','80','1982-09-14 18:32:17','2000-02-25','1233.93'),
('81','81','81','2015-10-01 11:25:47','2017-02-21','698.24'),
('82','82','82','2008-05-27 03:24:11','1988-02-04','599.68'),
('83','83','83','2008-02-27 04:29:58','2016-01-19','499.45'),
('84','84','84','1977-05-14 10:26:12','1999-01-19','520.23'),
('85','85','85','2005-09-11 20:16:27','2003-08-05','75.36'),
('86','86','86','1986-01-23 12:58:17','1977-10-03','561.35'),
('87','87','87','2014-12-05 05:31:37','2019-07-26','2589.10'),
('88','88','88','1994-11-24 15:48:48','2002-03-12','2144.47'),
('89','89','89','1974-05-16 08:08:10','2013-10-29','2594.05'),
('90','90','90','1974-12-28 15:05:18','2010-01-03','1492.17'),
('91','91','91','2017-01-14 12:32:27','2000-11-05','2599.84'),
('92','92','92','1974-02-22 06:59:04','1990-02-08','653.90'),
('93','93','93','1984-12-30 05:51:26','1985-09-18','179.91'),
('94','94','94','1973-04-12 02:06:46','1989-04-20','1954.15'),
('95','95','95','2015-04-06 03:38:45','2007-03-13','2447.00'),
('96','96','96','1999-12-14 22:54:27','1975-10-25','2893.20'),
('97','97','97','2012-08-10 22:59:26','2016-05-07','454.52'),
('98','98','98','2011-06-06 02:45:44','1970-02-04','302.85'),
('99','99','99','1992-11-11 02:30:19','1998-07-20','167.60'),
('100','100','100','1988-07-28 22:37:38','2007-03-04','2123.83'); 

DROP TABLE IF EXISTS `staff`;
CREATE TABLE `staff` (
  `staff_id` bigint(20) unsigned NOT NULL AUTO_INCREMENT COMMENT 'ID персонала',
  `firstname` varchar(100) COLLATE utf8_unicode_ci NOT NULL COMMENT 'имя',
  `lastname` varchar(100) COLLATE utf8_unicode_ci NOT NULL COMMENT 'фамилия',
  `position` varchar(100) COLLATE utf8_unicode_ci NOT NULL COMMENT 'должность сотрудника',
  `is_active` enum('true','false') COLLATE utf8_unicode_ci DEFAULT 'true' COMMENT 'сотрудник (работает / не работает)',
  `is_manager` enum('true','false') COLLATE utf8_unicode_ci DEFAULT 'false' COMMENT 'права менеджера (да / нет)',
  `started_at` datetime DEFAULT current_timestamp() COMMENT 'начал работать',
  `finished_at` date DEFAULT NULL COMMENT 'закончил работать',
  PRIMARY KEY (`staff_id`),
  KEY `lastname` (`lastname`),
  KEY `firstname` (`firstname`)
) ENGINE=InnoDB AUTO_INCREMENT=101 DEFAULT CHARSET=utf8 COLLATE=utf8_unicode_ci COMMENT='рабочий персонал';

INSERT INTO `staff` VALUES ('1','Carlie','Rau','occaecati','true','true','2003-05-19 15:36:37','2016-02-25'),
('2','Reyna','Kuhic','et','false','false','2004-07-24 23:43:10','1997-02-09'),
('3','Suzanne','Lynch','quas','false','true','1972-11-12 11:08:04','1993-03-25'),
('4','Judd','Stiedemann','qui','true','false','1982-09-08 02:46:48','2015-12-14'),
('5','Cordell','Strosin','soluta','false','false','2010-08-02 01:41:07','1994-06-09'),
('6','Waylon','Lemke','eum','true','false','1973-12-30 19:36:46','1974-10-09'),
('7','Evan','Romaguera','eum','false','false','2012-01-01 23:19:26','2013-06-07'),
('8','Donna','Reichel','dolorem','false','true','2006-01-26 19:50:06','1990-04-20'),
('9','Elody','Wisoky','assumenda','true','false','1997-02-22 01:43:14','2017-01-25'),
('10','Lupe','Bednar','sunt','true','true','1995-03-30 07:40:05','1999-07-01'),
('11','Chris','Kirlin','maiores','true','true','2014-06-17 16:51:05','1980-10-01'),
('12','Breanna','Feil','enim','false','true','1981-09-13 12:38:20','1996-02-04'),
('13','Mia','Hickle','odio','false','true','2019-04-23 10:49:31','2014-04-14'),
('14','Amelia','Gislason','enim','true','true','1971-11-08 18:02:59','2016-01-20'),
('15','Vincent','Schiller','expedita','true','true','1988-01-24 20:45:16','1978-07-30'),
('16','Dylan','Murphy','et','false','true','1987-01-27 13:18:42','2018-02-23'),
('17','Eugenia','Williamson','velit','false','true','1986-01-15 06:00:04','1971-03-23'),
('18','Elyse','Erdman','veritatis','false','true','1973-12-23 18:39:35','2019-09-22'),
('19','Desiree','Schuster','temporibus','false','true','2011-12-08 20:02:48','2014-04-22'),
('20','Marianne','Stark','rem','true','false','2012-12-21 06:52:24','1982-09-29'),
('21','Dewayne','Hettinger','minima','true','true','2014-11-27 18:19:55','1979-06-15'),
('22','Guido','Hauck','accusamus','false','false','2013-10-08 10:13:26','2006-07-25'),
('23','William','Green','sit','false','false','1994-11-18 18:48:39','1980-07-24'),
('24','Crystal','Jones','facere','true','true','1981-06-15 09:29:02','2012-12-27'),
('25','Lysanne','Schimmel','aut','true','false','2019-09-29 18:46:51','1974-05-30'),
('26','Carmela','Maggio','officia','false','false','1990-09-11 11:27:45','2012-06-28'),
('27','Ethan','Boyer','qui','false','true','2002-12-06 14:40:13','1997-03-18'),
('28','Americo','Pollich','ratione','true','true','2002-06-20 00:51:41','2019-10-16'),
('29','Damien','Koss','accusamus','false','false','1984-08-02 20:37:36','1972-10-19'),
('30','Jacky','Aufderhar','debitis','true','true','2013-02-28 08:33:15','1985-07-10'),
('31','Jordon','Wilderman','ipsa','false','true','1994-05-01 05:49:36','2001-06-14'),
('32','Nathanial','Waters','ex','true','true','2018-08-27 01:06:49','2003-01-04'),
('33','Lois','Ferry','similique','true','false','1974-03-16 02:18:49','2020-01-04'),
('34','Jermey','Nolan','sit','false','false','1988-07-15 05:33:45','1986-01-28'),
('35','Issac','Kirlin','quos','true','true','2006-07-02 03:05:31','2018-02-24'),
('36','Keyshawn','Willms','quis','false','false','1973-12-12 17:07:19','2012-01-30'),
('37','Adelle','Treutel','aspernatur','true','false','2020-02-11 22:06:11','2007-12-23'),
('38','Cyril','Murphy','tenetur','true','false','2014-05-29 15:25:44','1988-08-28'),
('39','Millie','Mayer','vel','true','true','1989-06-11 13:25:10','2013-01-19'),
('40','Melody','Bosco','recusandae','false','true','2020-05-17 20:38:53','2016-02-01'),
('41','Easter','Padberg','officiis','true','true','1995-05-16 21:38:38','1977-01-27'),
('42','Willy','Feeney','dolores','true','true','1993-05-11 19:27:17','1991-03-25'),
('43','Cheyenne','Runte','quasi','true','false','2019-02-18 22:46:50','1984-04-15'),
('44','Cathrine','Turner','sit','true','false','1987-04-03 05:21:10','2001-06-22'),
('45','Marilou','Schneider','est','false','true','2012-11-02 07:20:42','1979-02-02'),
('46','Issac','Paucek','tenetur','true','true','2009-01-21 17:06:16','1973-03-19'),
('47','Ellie','Roberts','voluptatem','false','true','1994-02-15 20:13:53','1994-02-15'),
('48','Sister','Lang','exercitationem','false','true','2008-08-01 21:44:09','1978-08-04'),
('49','Ansley','Torphy','totam','false','true','1997-12-20 17:06:28','1984-06-29'),
('50','Isobel','Schroeder','numquam','true','true','2014-09-20 11:13:24','2016-04-25'),
('51','Cullen','Pouros','eligendi','true','true','2016-12-10 12:19:24','2003-11-24'),
('52','Claudie','Abbott','maxime','true','true','2015-11-26 13:04:03','2005-09-10'),
('53','Lorenz','Reichert','magnam','false','true','2004-07-04 23:26:27','2006-07-24'),
('54','Nelda','Ferry','consequatur','false','false','2009-05-07 02:14:16','1971-12-26'),
('55','Paula','Fadel','incidunt','true','true','1997-05-18 21:02:22','2003-08-27'),
('56','Josephine','Gerlach','eius','true','false','2020-05-29 05:50:21','1988-09-12'),
('57','Wilton','Satterfield','et','true','false','1977-09-01 23:46:07','2010-10-21'),
('58','Lonnie','Kris','consectetur','true','true','1992-04-12 08:43:18','1990-05-27'),
('59','Maudie','Hagenes','dolore','true','true','1972-07-29 12:09:27','2012-11-25'),
('60','Henri','O\'Reilly','amet','true','true','1997-10-24 22:09:58','1972-02-13'),
('61','Burdette','Nicolas','at','true','true','2013-04-10 15:32:10','1973-11-27'),
('62','Vern','Ondricka','quasi','true','false','2003-03-12 18:41:34','1986-07-21'),
('63','Cali','Fritsch','culpa','false','true','2015-10-15 21:21:24','1975-01-18'),
('64','Ivory','Breitenberg','veritatis','true','true','2000-09-22 06:11:48','1982-03-22'),
('65','Christopher','Leuschke','est','true','false','1970-11-09 15:39:44','2011-06-25'),
('66','Clarabelle','Olson','error','true','false','2017-02-06 01:27:07','1984-07-30'),
('67','Alayna','Legros','perspiciatis','false','false','1970-10-12 06:53:11','2009-10-07'),
('68','Ward','Pagac','recusandae','true','false','1995-06-20 06:52:45','2009-02-10'),
('69','Oral','Orn','nesciunt','true','false','1971-12-26 07:57:12','2011-10-27'),
('70','Aaliyah','Rohan','aut','true','true','2018-05-22 16:27:23','1973-04-06'),
('71','Avery','Balistreri','id','true','true','1992-08-01 08:22:58','2015-09-29'),
('72','Orin','Armstrong','deserunt','false','true','1991-08-13 01:36:03','1986-10-11'),
('73','Monserrate','Trantow','consequatur','true','true','1992-03-16 21:50:53','1991-07-24'),
('74','Kaci','Torp','fugit','true','false','1990-12-05 18:44:44','1980-10-10'),
('75','Jewel','Ondricka','qui','false','true','2007-05-30 15:16:30','1973-12-06'),
('76','Dennis','Braun','tempora','false','true','1995-11-04 00:19:42','1998-11-18'),
('77','Hester','Macejkovic','excepturi','false','true','1986-04-13 15:16:43','1988-04-29'),
('78','Julianne','Bartoletti','ipsam','false','true','2003-10-09 16:46:34','1998-09-09'),
('79','Haleigh','Harvey','et','false','false','1995-11-03 22:14:41','2018-04-08'),
('80','Cristobal','Klocko','saepe','true','false','1996-03-13 15:50:05','1972-06-03'),
('81','Osvaldo','King','sint','true','false','2013-09-12 02:01:06','2012-01-06'),
('82','Keara','Farrell','aut','false','false','2002-06-25 03:05:13','1981-10-06'),
('83','Eve','McLaughlin','facere','false','false','2003-03-06 10:44:31','2006-01-10'),
('84','Rex','Schmitt','nihil','false','true','1983-03-20 21:53:48','2017-08-01'),
('85','Gardner','Bashirian','dolorem','true','false','2018-03-20 18:17:57','1986-04-08'),
('86','Raven','Jaskolski','expedita','false','false','1992-04-17 21:20:22','2012-08-09'),
('87','Hipolito','Murazik','qui','true','false','2020-08-13 07:49:13','1973-11-03'),
('88','Coleman','Hilll','eos','true','true','1979-05-25 01:49:36','1992-02-11'),
('89','Amaya','McCullough','maiores','true','true','1986-02-10 18:20:52','2017-02-10'),
('90','Hester','Kozey','laudantium','true','false','1981-07-01 14:23:55','1988-01-10'),
('91','Lula','Brown','consequatur','true','false','1991-11-08 10:52:10','1994-07-21'),
('92','Susana','Rice','totam','false','false','2004-04-27 23:52:32','2008-12-23'),
('93','Alda','Lockman','nihil','true','false','2019-10-14 19:40:23','1995-05-25'),
('94','Woodrow','Parker','maiores','true','false','1983-07-16 05:09:13','1994-10-02'),
('95','Rory','Luettgen','et','false','false','2018-07-01 14:49:31','1989-02-21'),
('96','Kaylah','Lesch','nisi','true','true','1993-05-18 11:04:40','1982-02-19'),
('97','Akeem','Runolfsdottir','consequuntur','false','false','2007-10-12 16:09:08','1987-03-27'),
('98','Reynold','Hammes','et','false','true','1997-03-13 22:29:33','2019-12-14'),
('99','Trystan','Gibson','ducimus','false','true','2018-07-16 13:04:35','1994-12-30'),
('100','Arlene','Kunze','pariatur','true','false','1976-05-13 13:20:46','2006-04-15'); 


DROP TABLE IF EXISTS `staff_account`;
CREATE TABLE `staff_account` (
  `staff_id` bigint(20) unsigned NOT NULL COMMENT 'ID рабочего',
  `photo_id` int(11) DEFAULT NULL COMMENT 'ID фотографии',
  `firstname` varchar(100) COLLATE utf8_unicode_ci NOT NULL COMMENT 'имя',
  `lastname` varchar(100) COLLATE utf8_unicode_ci NOT NULL COMMENT 'фамилия',
  `birthday_at` date NOT NULL COMMENT 'дата рождения',
  `gender` char(1) COLLATE utf8_unicode_ci DEFAULT NULL COMMENT 'пол',
  `full_address` varchar(255) COLLATE utf8_unicode_ci NOT NULL COMMENT 'полный адрес',
  `zip_code` int(10) unsigned NOT NULL COMMENT 'почтовый номер',
  `city` varchar(100) COLLATE utf8_unicode_ci NOT NULL COMMENT 'город проживания',
  PRIMARY KEY (`staff_id`),
  KEY `firstname` (`firstname`),
  KEY `lastname` (`lastname`),
  CONSTRAINT `staff_account_ibfk_1` FOREIGN KEY (`staff_id`) REFERENCES `staff` (`staff_id`) ON UPDATE CASCADE,
  CONSTRAINT `staff_account_ibfk_2` FOREIGN KEY (`firstname`) REFERENCES `staff` (`firstname`),
  CONSTRAINT `staff_account_ibfk_3` FOREIGN KEY (`lastname`) REFERENCES `staff` (`lastname`)
) ENGINE=InnoDB DEFAULT CHARSET=utf8 COLLATE=utf8_unicode_ci COMMENT='рабочие аккаунты';

INSERT INTO `staff_account` VALUES ('1','377','Aaliyah','Abbott','2004-09-22','i','510 Gaylord Squares','70746','Port Lincoln'),
('2','456','Adelle','Armstrong','2013-11-27','t','3999 Maxie Gardens','43406','Lake Loma'),
('3','218','Akeem','Aufderhar','1992-04-10','g','338 Wisozk Mill Suite 811','10496','Laurianneport'),
('4','61','Alayna','Balistreri','1990-01-24','h','094 Walker Trail','96861','North Jerroldstad'),
('5','431','Alda','Bartoletti','1987-09-06','m','880 Kaci Light Suite 018','78917','Kyleeview'),
('6','91','Amaya','Bashirian','1977-03-07','p','650 Josefa Shoals Apt. 820','29220','West Candido'),
('7','16','Amelia','Bednar','1993-03-07','x','6906 Hayes Gateway','69155','Eliezerview'),
('8','232','Americo','Bosco','1977-05-19','p','23419 Crist Hill','3589','Port Eldridge'),
('9','327','Ansley','Boyer','1997-09-23','z','11472 Raymundo Cliffs Suite 558','71419','Titoburgh'),
('10','205','Arlene','Braun','1997-05-11','k','90375 Wunsch Track Apt. 320','66038','Elliemouth'),
('11','178','Avery','Breitenberg','2020-03-29','x','135 Dale Green Suite 037','88183','New Emeraldland'),
('12','289','Breanna','Brown','1997-09-06','a','13421 Terrence Oval','130','Prosaccoport'),
('13','421','Burdette','Erdman','1988-05-07','f','0835 Bayer Causeway','72305','Kossport'),
('14','397','Cali','Fadel','1993-01-14','u','99317 Boyer Valley','54456','Schmidtshire'),
('15','270','Carlie','Farrell','1978-09-19','y','31904 Ashleigh Turnpike','88430','Creolabury'),
('16','448','Carmela','Feeney','1989-08-21','p','2122 Jaiden Stravenue Suite 160','53292','Torphyfort'),
('17','439','Cathrine','Feil','2002-09-10','f','3490 Rempel Plains Suite 367','12532','Roberthaven'),
('18','166','Cheyenne','Ferry','2015-07-15','s','94377 Emard Prairie Suite 616','66678','West Suzanneborough'),
('19','185','Chris','Ferry','2009-09-05','u','36672 Johns Keys Apt. 272','41575','Braedenshire'),
('20','388','Christopher','Fritsch','2000-07-12','t','640 McLaughlin Course Suite 009','29558','Monahanview'),
('21','23','Clarabelle','Gerlach','1998-10-15','p','13158 Wiza Gateway Suite 469','35412','Krisfort'),
('22','467','Claudie','Gibson','1984-06-01','b','11814 Adelbert Grove','84081','North Mitchelburgh'),
('23','172','Coleman','Gislason','2008-04-15','w','6227 Hane Circle','93523','Lake Zachariah'),
('24','176','Cordell','Green','2016-12-08','x','84233 Sipes Dale Apt. 828','85317','North Edmondhaven'),
('25','381','Cristobal','Hagenes','1999-08-23','j','8832 Leffler Villages Suite 615','65233','Boehmville'),
('26','117','Crystal','Hammes','2013-02-23','u','4441 Ernestina Point Apt. 970','23420','East Lisa'),
('27','382','Cullen','Harvey','2014-09-29','r','24478 Arnulfo Crossing Suite 244','85976','North Natasha'),
('28','41','Cyril','Hauck','1995-03-30','i','384 Lois Mountain','5745','Funkland'),
('29','131','Damien','Hettinger','2012-02-16','i','0121 Linwood Roads','57728','Dachfort'),
('30','183','Dennis','Hickle','1973-05-09','f','2624 Lang Streets','95763','D\'Amoreburgh'),
('31','150','Desiree','Hilll','1970-10-31','u','991 Cole Harbors','34124','Wilkinsontown'),
('32','306','Dewayne','Jaskolski','2016-08-23','k','56572 Gerlach Trail','30904','East Margarete'),
('33','11','Donna','Jones','1982-03-07','g','9749 Julianne Prairie','82040','Audreannehaven'),
('34','36','Dylan','King','1972-12-01','f','23832 Mateo Parks','65193','North Cartermouth'),
('35','143','Easter','Kirlin','2017-07-21','h','0355 Klein Pine','53451','Veumchester'),
('36','7','Ellie','Kirlin','2019-11-30','q','34900 Lottie Shore Apt. 059','42572','Kuhnbury'),
('37','297','Elody','Klocko','1990-07-25','z','75667 Carley Parkway','27973','East Bricefort'),
('38','3','Elyse','Koss','2009-01-11','q','5489 Doyle Heights','57591','South Percivalmouth'),
('39','243','Ethan','Kozey','1979-01-21','v','95349 Hickle Extension Apt. 401','70308','Lake Marcelomouth'),
('40','88','Eugenia','Kris','1978-05-27','g','318 McLaughlin Ports','14229','East Onie'),
('41','495','Evan','Kuhic','2019-07-03','j','32222 Cremin Locks','61597','Ziemeport'),
('42','359','Eve','Kunze','1982-08-20','t','51025 Zoe Throughway','12313','Laverneland'),
('43','93','Gardner','Lang','1991-10-11','o','32840 Alexandrea Port','94752','Robertshire'),
('44','171','Guido','Legros','1981-06-13','f','2007 Benton Falls Apt. 406','33723','South Ellisfort'),
('45','449','Haleigh','Lemke','1986-10-23','d','14514 Hessel Forges','24185','Aprilfort'),
('46','306','Henri','Lesch','1976-07-28','a','730 Parisian Ville','55539','Goldnerfort'),
('47','169','Hester','Leuschke','1996-08-31','g','123 Huel Point','21374','West Virginieburgh'),
('48','298','Hester','Lockman','1983-02-16','i','7176 Boehm Manor Apt. 397','9513','Port Luciano'),
('49','402','Hipolito','Luettgen','1996-04-28','q','8541 Abbie Mountain','23584','Auerburgh'),
('50','233','Isobel','Lynch','1984-05-15','c','7886 Roma Manor Apt. 086','34899','West Auroreport'),
('51','212','Issac','Macejkovic','2010-01-28','n','199 Haag Springs','43121','South Ashtyn'),
('52','250','Issac','Maggio','1993-09-04','v','603 Estefania Spring Suite 427','28132','Sigurdfurt'),
('53','14','Ivory','Mayer','1985-01-11','m','50963 Hodkiewicz Stream','54447','Lednerton'),
('54','381','Jacky','McCullough','2008-12-17','p','09337 Gerhold Garden','74014','Glovertown'),
('55','415','Jermey','McLaughlin','1984-07-18','n','8449 Senger Harbors Apt. 886','80732','Brodyside'),
('56','302','Jewel','Murazik','1987-03-28','h','11091 Eryn Garden','22486','Antoniatown'),
('57','330','Jordon','Murphy','1988-05-09','u','18291 Eulah Mission Apt. 501','53074','East Kirstinfort'),
('58','134','Josephine','Murphy','1987-11-27','o','103 Margie Terrace','76910','Port Jeffrey'),
('59','315','Judd','Nicolas','1973-09-23','r','8932 Rempel Stravenue Suite 444','19655','South Laneyberg'),
('60','387','Julianne','Nolan','1992-09-01','s','696 Jolie Wall','93616','Maybellland'),
('61','51','Kaci','O\'Reilly','1987-05-10','d','5136 Schuppe Mountain','2170','North Katherine'),
('62','203','Kaylah','Olson','1992-07-08','w','5006 Schimmel Grove','70597','Port Friedrichfort'),
('63','139','Keara','Ondricka','2002-08-26','o','5125 Zita Heights','17925','Alexburgh'),
('64','491','Keyshawn','Ondricka','2007-07-28','r','56869 Olson Cliff Apt. 439','68021','New Adella'),
('65','350','Lois','Orn','2020-01-25','d','269 Gerardo Glen Suite 679','61916','New Camilafurt'),
('66','250','Lonnie','Padberg','2010-10-03','n','5963 Lang Row','16795','Dickensville'),
('67','148','Lorenz','Pagac','2010-01-16','w','936 Elnora Mountains Apt. 572','50899','Leuschkeside'),
('68','452','Lula','Parker','2003-08-19','k','11954 Mills Overpass Apt. 482','91359','Lake Deja'),
('69','187','Lupe','Paucek','2015-06-09','r','37670 Abbott Course','951','Anikabury'),
('70','122','Lysanne','Pollich','2014-12-19','f','72538 Kirlin Junctions','39636','New Delfina'),
('71','498','Marianne','Pouros','1984-01-05','n','24903 Cremin Fords','44570','Boscoside'),
('72','450','Marilou','Rau','2012-10-12','d','00730 Edward Course','22074','Bodeview'),
('73','288','Maudie','Reichel','1990-03-03','r','0675 Aurelia Alley','84154','West Amanda'),
('74','343','Melody','Reichert','1989-02-13','v','8923 Wiegand Points Apt. 642','25359','South Ariannaburgh'),
('75','252','Mia','Rice','1988-07-02','n','835 Olson Port Apt. 830','9769','Rodriguezside'),
('76','339','Millie','Roberts','1992-01-30','a','5845 Mann Ports Apt. 903','70027','South Madisen'),
('77','460','Monserrate','Rohan','1991-05-13','j','96867 Hauck Trail Suite 595','70642','North Conor'),
('78','209','Nathanial','Romaguera','2013-08-08','z','641 Adams Crossroad Suite 978','80171','South Doloresfort'),
('79','80','Nelda','Runolfsdottir','2013-08-23','g','8095 Franecki Crest','84416','New Marlin'),
('80','213','Oral','Runte','2018-05-22','j','672 Dewayne Wall','4525','Trevionhaven'),
('81','470','Orin','Satterfield','2016-03-24','t','41125 Wisozk Circle Apt. 159','36984','Port Miashire'),
('82','27','Osvaldo','Schiller','2003-09-10','h','7827 Reichel Meadows Suite 316','895','East Barrymouth'),
('83','259','Paula','Schimmel','1999-11-05','i','4929 Rose Point','30749','West Kyler'),
('84','97','Raven','Schmitt','2007-08-05','y','95362 Rath Centers','3153','Hamillstad'),
('85','468','Rex','Schneider','2001-03-02','h','850 Enrico Port','27374','Dantetown'),
('86','42','Reyna','Schroeder','2018-07-20','b','200 Oscar Ford','48644','West Otha'),
('87','45','Reynold','Schuster','1980-04-26','c','57199 Nikolaus Wells','82698','Darronfort'),
('88','62','Rory','Stark','1991-02-12','k','389 Oswaldo Street','82265','Catalinatown'),
('89','105','Sister','Stiedemann','1990-12-30','l','9368 Federico Isle','92751','Lake Abigayle'),
('90','217','Susana','Strosin','1992-02-16','h','18468 Rogers Route Suite 023','58227','North Luciushaven'),
('91','420','Suzanne','Torp','2019-06-10','y','4511 Schmidt Crossroad','43938','South Hermann'),
('92','238','Trystan','Torphy','2005-03-08','b','0738 Amari Plaza Suite 387','78541','East Woodrowfort'),
('93','32','Vern','Trantow','2016-11-04','v','2891 Russel Field','89740','North Huntermouth'),
('94','437','Vincent','Treutel','2002-04-03','n','4512 Durward Park','19530','Leonorfort'),
('95','180','Ward','Turner','1973-07-11','x','8294 Darron Crest Apt. 049','40572','Friesenfurt'),
('96','218','Waylon','Waters','1984-03-24','p','80339 Dickinson Plain','3266','North Gianni'),
('97','395','William','Wilderman','2018-01-14','u','5843 D\'Amore Points','33492','Fisherfort'),
('98','133','Willy','Williamson','1988-03-29','m','9286 Keaton Oval Apt. 460','6831','East Kameron'),
('99','315','Wilton','Willms','1994-12-17','d','179 Osborne Lock Suite 925','55657','Stiedemannmouth'),
('100','318','Woodrow','Wisoky','2014-04-08','f','52450 Bernier Vista','34214','East Petraside'); 


DROP TABLE IF EXISTS `holidays`;
CREATE TABLE `holidays` (
  `worker_id` bigint(20) unsigned NOT NULL COMMENT 'ID рабочего',
  `worker_name` varchar(100) COLLATE utf8_unicode_ci NOT NULL COMMENT 'имя',
  `worker_lastname` varchar(100) COLLATE utf8_unicode_ci NOT NULL COMMENT 'фамилия',
  `at_holiday` enum('true','false') COLLATE utf8_unicode_ci DEFAULT 'false' COMMENT 'находится в отпуске (да / нет)',
  `days` tinyint(3) unsigned DEFAULT NULL COMMENT 'колличество дней',
  `started_at` date DEFAULT NULL COMMENT 'начало отпуска',
  `finished_at` date DEFAULT NULL COMMENT 'окончание отпуска',
  PRIMARY KEY (`worker_id`),
  KEY `worker_name` (`worker_name`),
  KEY `worker_lastname` (`worker_lastname`),
  CONSTRAINT `holidays_ibfk_1` FOREIGN KEY (`worker_id`) REFERENCES `staff` (`staff_id`) ON UPDATE CASCADE,
  CONSTRAINT `holidays_ibfk_2` FOREIGN KEY (`worker_name`) REFERENCES `staff` (`firstname`) ON UPDATE CASCADE,
  CONSTRAINT `holidays_ibfk_3` FOREIGN KEY (`worker_lastname`) REFERENCES `staff` (`lastname`) ON UPDATE CASCADE
) ENGINE=InnoDB DEFAULT CHARSET=utf8 COLLATE=utf8_unicode_ci COMMENT='отпуска';

INSERT INTO `holidays` VALUES ('1','Aaliyah','Abbott','false','3','2012-03-30','1987-09-26'),
('2','Adelle','Armstrong','false','22','1988-04-15','2012-09-07'),
('3','Akeem','Aufderhar','true','28','1994-10-08','1985-10-02'),
('4','Alayna','Balistreri','true','16','1976-02-22','1990-06-27'),
('5','Alda','Bartoletti','false','30','1994-06-03','1992-03-25'),
('6','Amaya','Bashirian','true','19','2007-04-24','1972-02-09'),
('7','Amelia','Bednar','false','31','1980-07-10','2003-04-25'),
('8','Americo','Bosco','true','19','1982-08-30','2012-12-28'),
('9','Ansley','Boyer','true','12','1973-10-23','1984-06-29'),
('10','Arlene','Braun','false','15','1984-03-30','1973-01-31'),
('11','Avery','Breitenberg','true','21','1987-11-29','1983-08-22'),
('12','Breanna','Brown','false','11','1987-06-06','2005-06-30'),
('13','Burdette','Erdman','true','16','1995-10-04','2005-07-11'),
('14','Cali','Fadel','false','18','1993-03-13','2018-08-31'),
('15','Carlie','Farrell','true','17','1979-08-18','2010-08-02'),
('16','Carmela','Feeney','false','6','1978-08-22','2005-06-15'),
('17','Cathrine','Feil','false','2','1996-10-03','1981-08-08'),
('18','Cheyenne','Ferry','false','3','2009-12-11','1972-10-01'),
('19','Chris','Ferry','true','15','1980-07-30','1992-04-28'),
('20','Christopher','Fritsch','true','30','1979-02-26','2017-11-03'),
('21','Clarabelle','Gerlach','false','27','2007-12-17','2009-02-08'),
('22','Claudie','Gibson','false','21','1983-07-13','1975-08-01'),
('23','Coleman','Gislason','false','22','2013-12-14','1977-11-21'),
('24','Cordell','Green','false','2','2003-09-05','1991-02-24'),
('25','Cristobal','Hagenes','false','16','1978-04-26','2008-02-22'),
('26','Crystal','Hammes','false','18','2009-03-17','1977-11-10'),
('27','Cullen','Harvey','true','11','1991-04-05','2009-04-15'),
('28','Cyril','Hauck','true','18','2005-12-23','2009-07-06'),
('29','Damien','Hettinger','true','30','2003-02-21','1984-04-09'),
('30','Dennis','Hickle','true','27','1983-01-03','2011-11-25'),
('31','Desiree','Hilll','false','3','1974-08-03','1981-03-09'),
('32','Dewayne','Jaskolski','true','14','2012-09-20','1993-04-11'),
('33','Donna','Jones','false','27','2007-09-14','2008-05-05'),
('34','Dylan','King','true','7','1999-10-16','1970-07-25'),
('35','Easter','Kirlin','true','16','1985-09-03','2002-01-10'),
('36','Ellie','Kirlin','false','26','2016-10-21','2010-04-06'),
('37','Elody','Klocko','false','4','2011-12-11','1975-07-26'),
('38','Elyse','Koss','true','23','2014-01-26','1989-08-08'),
('39','Ethan','Kozey','false','26','2011-10-14','1970-03-16'),
('40','Eugenia','Kris','false','20','1970-05-22','1989-04-09'),
('41','Evan','Kuhic','true','16','2008-03-09','2007-05-11'),
('42','Eve','Kunze','false','28','2020-07-29','1984-03-12'),
('43','Gardner','Lang','false','14','1971-11-08','1998-06-11'),
('44','Guido','Legros','false','13','2001-06-15','2004-05-17'),
('45','Haleigh','Lemke','false','27','1971-09-17','1976-06-29'),
('46','Henri','Lesch','true','1','1974-02-22','1990-02-23'),
('47','Hester','Leuschke','true','18','1989-06-30','2017-11-18'),
('48','Hester','Lockman','true','27','1999-08-15','1986-05-24'),
('49','Hipolito','Luettgen','false','27','1995-04-02','2014-05-21'),
('50','Isobel','Lynch','true','3','1981-09-09','1974-06-27'),
('51','Issac','Macejkovic','true','29','1970-10-24','2019-02-14'),
('52','Issac','Maggio','true','27','2008-07-25','1986-08-15'),
('53','Ivory','Mayer','true','10','1996-10-28','2014-07-27'),
('54','Jacky','McCullough','true','27','2020-07-02','1997-01-13'),
('55','Jermey','McLaughlin','false','18','1996-12-12','2010-05-29'),
('56','Jewel','Murazik','true','9','1996-12-17','1981-08-13'),
('57','Jordon','Murphy','true','21','2012-04-01','2019-09-03'),
('58','Josephine','Murphy','true','1','1992-01-08','2003-09-09'),
('59','Judd','Nicolas','true','28','2020-07-28','2013-11-29'),
('60','Julianne','Nolan','false','27','1970-07-17','1981-01-24'),
('61','Kaci','O\'Reilly','false','6','2013-04-08','2019-02-14'),
('62','Kaylah','Olson','false','10','1973-10-23','1971-05-05'),
('63','Keara','Ondricka','false','2','1972-01-01','2010-04-05'),
('64','Keyshawn','Ondricka','false','14','2011-04-26','1998-08-24'),
('65','Lois','Orn','true','7','2008-01-06','1970-10-09'),
('66','Lonnie','Padberg','true','12','2006-05-03','1975-07-08'),
('67','Lorenz','Pagac','true','5','1996-12-30','2015-02-14'),
('68','Lula','Parker','false','1','2008-07-06','2008-04-21'),
('69','Lupe','Paucek','true','2','1991-07-13','1993-10-10'),
('70','Lysanne','Pollich','true','15','2018-12-26','2003-06-14'),
('71','Marianne','Pouros','true','13','1997-01-31','1998-04-30'),
('72','Marilou','Rau','true','2','1986-12-29','2013-07-23'),
('73','Maudie','Reichel','false','28','2016-12-24','2009-05-21'),
('74','Melody','Reichert','true','6','2011-03-31','1994-06-12'),
('75','Mia','Rice','true','10','2014-02-08','2000-01-03'),
('76','Millie','Roberts','false','20','1976-05-29','1989-09-24'),
('77','Monserrate','Rohan','false','2','2003-03-02','2014-04-07'),
('78','Nathanial','Romaguera','true','11','2018-02-20','2019-12-21'),
('79','Nelda','Runolfsdottir','true','10','1973-12-22','2017-10-15'),
('80','Oral','Runte','true','9','1976-04-13','1999-03-04'),
('81','Orin','Satterfield','true','29','1991-09-20','1988-11-19'),
('82','Osvaldo','Schiller','true','7','1999-05-10','2020-08-17'),
('83','Paula','Schimmel','true','7','2000-07-21','2002-08-11'),
('84','Raven','Schmitt','false','8','1985-11-21','1986-10-05'),
('85','Rex','Schneider','false','22','2003-07-05','2002-03-15'),
('86','Reyna','Schroeder','true','7','2000-07-14','2009-10-11'),
('87','Reynold','Schuster','true','17','2016-01-14','1992-08-26'),
('88','Rory','Stark','true','25','2012-02-17','1985-07-17'),
('89','Sister','Stiedemann','true','13','1998-08-29','1992-03-27'),
('90','Susana','Strosin','true','20','2010-09-04','1971-08-04'),
('91','Suzanne','Torp','false','6','1990-08-03','1970-02-11'),
('92','Trystan','Torphy','true','23','2007-09-26','2009-03-10'),
('93','Vern','Trantow','false','20','2005-08-31','2004-05-20'),
('94','Vincent','Treutel','false','25','2015-01-07','1997-06-02'),
('95','Ward','Turner','true','8','1978-08-13','2010-07-14'),
('96','Waylon','Waters','true','26','1990-09-30','1999-01-04'),
('97','William','Wilderman','false','6','1994-11-19','2000-01-17'),
('98','Willy','Williamson','false','7','1993-08-27','1998-02-27'),
('99','Wilton','Willms','true','24','2001-06-21','2011-06-25'),
('100','Woodrow','Wisoky','true','26','2008-12-28','2014-07-19'); 

DROP TABLE IF EXISTS `jobs`;
CREATE TABLE `jobs` (
  `job_id` bigint(20) unsigned NOT NULL COMMENT 'ID сервиса',
  `job_description` text COLLATE utf8_unicode_ci NOT NULL COMMENT 'описание сервиса',
  `used_spare_parts` text COLLATE utf8_unicode_ci NOT NULL COMMENT 'используемые запчасти',
  `job_status` enum('done','in process','waiting for spare parts','not started') COLLATE utf8_unicode_ci DEFAULT 'not started' COMMENT 'состояние работы (сделано, в процессе, ожидание запчастей, не начато)',
  `started_at` datetime DEFAULT current_timestamp() COMMENT 'сервис начат',
  `updated_at` datetime DEFAULT current_timestamp() ON UPDATE current_timestamp() COMMENT 'обновление статуса сервиса',
  `worker_id` bigint(20) unsigned NOT NULL COMMENT 'ID работника',
  `customer_id` bigint(20) unsigned NOT NULL COMMENT 'ID клиента',
  `customer_phone` bigint(20) unsigned DEFAULT NULL COMMENT 'телефон клиента',
  PRIMARY KEY (`job_id`),
  UNIQUE KEY `customer_phone` (`customer_phone`),
  KEY `worker_id` (`worker_id`),
  KEY `customer_id` (`customer_id`),
  CONSTRAINT `jobs_ibfk_1` FOREIGN KEY (`worker_id`) REFERENCES `staff` (`staff_id`),
  CONSTRAINT `jobs_ibfk_2` FOREIGN KEY (`customer_id`) REFERENCES `clients` (`client_id`),
  CONSTRAINT `jobs_ibfk_3` FOREIGN KEY (`customer_phone`) REFERENCES `clients` (`phone`)
) ENGINE=InnoDB DEFAULT CHARSET=utf8 COLLATE=utf8_unicode_ci COMMENT='Сервисные работы';

INSERT INTO `jobs` VALUES ('0','Expedita velit sit aliquam molestiae. Inventore porro incidunt deserunt sunt. Illo laborum rerum a est repudiandae qui odio. Id harum facilis harum. Modi sequi est quae sit eum possimus. Amet itaque ut natus hic fugiat. Qui est voluptatem eius ea ab consequatur libero. Omnis harum praesentium id ducimus fugit tempora ea. Tenetur placeat consectetur eaque accusamus sunt. Ex et laboriosam esse ut.','Rerum similique voluptates distinctio ex expedita.','done','2014-05-15 06:17:50','1977-09-16 08:31:40','2','2','358442349502'),
('19','Molestias odit dignissimos velit. Asperiores vel maiores fugiat et. Quae iste quibusdam facilis itaque. Dolorem consequatur aut soluta quaerat aut corporis. Autem fugit et exercitationem quis molestias impedit cum. Error est placeat accusamus nihil voluptatem fuga autem. Expedita iste dolorem maiores enim iste. Temporibus non fugiat debitis corporis omnis error error doloremque. Quae placeat ullam eaque velit. Rerum veritatis repellendus iusto aliquid est et nihil. Porro quas qui excepturi earum quidem exercitationem nisi. Maxime aliquam quae repellat animi alias quia. Aut quam ratione ratione modi labore. Aut nemo et molestias at eaque dolorem. Distinctio quibusdam soluta minima delectus corrupti. Pariatur quasi est impedit vel sit perferendis vel. Recusandae sit molestias reiciendis aliquam rerum aut molestiae.','Quas et dolorem blanditiis sunt nulla ut quia aliquid.','in process','1989-01-09 17:02:15','1970-09-22 17:56:40','92','92','358503585845'),
('35','Sequi laudantium vero sunt ex accusantium non et. Quos ducimus temporibus magnam voluptatem. Beatae quia dolor sed aperiam. Et blanditiis minima blanditiis cumque et. Reiciendis rerum omnis corrupti ratione et sint illo. Fugit reiciendis id rerum asperiores voluptas. Voluptatum earum quae modi consequatur molestias. Nisi in officiis eum est. Itaque consequuntur occaecati iste et. Nobis ratione accusantium dolore molestiae et. Ex exercitationem quibusdam ut voluptatem qui optio.','Voluptas voluptatem quae veniam nihil eveniet rerum.','done','1974-12-17 22:52:36','2019-01-05 21:21:42','17','17','358451103953'),
('48','Voluptas laborum maiores velit eius beatae. Cupiditate adipisci quam consectetur praesentium rerum. Aut omnis ut aliquam voluptatem sed aut voluptas. Et reprehenderit omnis autem et. Possimus culpa suscipit est veritatis aperiam atque quis id. Accusamus blanditiis provident illum. Et fuga aut et quia dolor. Dolor qui officia optio id. Doloribus dignissimos consequatur quod et quo. Magni dignissimos adipisci et odit reiciendis. Corrupti dolorem eveniet sequi facilis consequuntur. Sit et est enim sed odio. A sunt explicabo distinctio laborum beatae qui. Vitae et consequatur deleniti est. Quibusdam iusto reiciendis necessitatibus illum consequuntur sit.','Id ipsam neque autem et delectus impedit autem aut.','in process','1987-03-13 14:14:47','2008-04-11 22:08:11','77','77','358489526258'),
('53','Commodi officia aperiam qui eligendi corporis. Deleniti unde nostrum qui. Assumenda sapiente et quia veniam vero et. Quisquam ex et ut natus. Voluptas eveniet quos quaerat voluptas velit et. Laborum velit earum aut explicabo iure. Inventore vitae omnis consequatur ipsa. Blanditiis consectetur similique voluptatem molestiae aliquam aspernatur. Laborum illo voluptas maiores velit sit consequatur. Rerum quod ipsum odit molestiae est et rerum. Quasi asperiores molestiae commodi minima nam sapiente. Rem accusamus beatae et libero inventore. Est porro in unde odit voluptas doloribus. Ex nemo iusto voluptate eos deserunt. Consectetur veniam facilis necessitatibus et ut consequuntur quia. Et laboriosam quas quam consequuntur suscipit est. Voluptas reprehenderit officiis doloribus ducimus dignissimos. Nihil est vitae officiis voluptatum et. Mollitia praesentium sit ex voluptatibus perspiciatis iste dolor doloribus. Praesentium et deleniti sit est.','Exercitationem aut repudiandae quidem laboriosam animi.','done','1973-04-25 13:46:32','2013-04-17 10:49:09','79','79','358491959832'),
('54','Dolorem aliquid est sint. Velit incidunt voluptatibus sed sunt suscipit exercitationem et. Est distinctio autem doloribus et rem. Dolorem exercitationem quo nisi eum possimus et omnis praesentium. Suscipit delectus quidem perferendis sint ea non atque sit. Officia enim eum assumenda veritatis aut. Labore culpa molestias mollitia occaecati. Est molestiae assumenda dolor et eveniet et nesciunt. Rerum occaecati cupiditate consequuntur. Quam enim cumque commodi animi architecto similique velit. Illo nemo fugiat est nam nostrum. Quas dolorum quibusdam enim quia voluptate. Commodi repellat ut omnis nisi nesciunt pariatur.','Est quas officia officiis consequatur expedita sit exercitationem quo molestiae.','not started','2007-08-29 01:46:12','2012-12-23 16:08:12','84','84','358495413403'),
('55','Est cumque ipsum perspiciatis ab. Rerum quia cum cum necessitatibus ex animi fuga aut. Ut doloribus quae maiores rem dicta sint. Iste hic velit ad et ratione. Est harum ullam placeat. Est pariatur eaque eos animi est autem tempora. Quisquam repellat dignissimos qui iusto perferendis. Ut illum temporibus harum consequatur sunt. Beatae sed culpa ea voluptatem. Numquam rerum tempore nemo quos voluptatem odit distinctio blanditiis. Eveniet asperiores omnis qui eveniet enim. Et illo quae optio ut eum iure. Adipisci sed ipsam eos qui qui nulla magnam. Quia perspiciatis facere recusandae iure porro voluptatum minima. Saepe vitae labore perspiciatis voluptatum totam. Odit sapiente et sit quo. Nemo et sint dolorum et qui. Molestiae nemo ut dicta molestias. Non nihil qui rerum ullam consequatur.','Quod sunt laudantium quo et aspernatur aspernatur.','waiting for spare parts','2000-12-07 15:41:11','2012-06-20 17:58:42','48','48','358467917597'),
('56','Molestiae saepe autem facere. Aut omnis dolor porro quas occaecati blanditiis similique dolorem. Soluta aspernatur voluptatem repudiandae culpa harum deleniti. Sint quia sapiente eligendi non. Voluptate iste officia officia. Magni officiis ducimus aliquid et ut qui. Quaerat voluptas et sunt rerum nulla magni id deserunt. Non harum iure numquam veritatis. Doloremque aut architecto mollitia sequi quas dolores asperiores optio. Sed error possimus recusandae voluptatem ullam quo. Pariatur perspiciatis quia suscipit similique aliquid ipsam doloremque debitis. Impedit deserunt sed aut aut. Aut illo et odio culpa quia modi. Est animi ut ut impedit recusandae excepturi. Et eaque et voluptas est omnis eum.','Veniam omnis sunt aperiam pariatur.','in process','1982-02-25 10:36:28','2016-10-26 08:53:04','31','31','358460546574'),
('57','At quo qui quod consequatur dolor consequatur. Reprehenderit iure sed nemo sunt molestiae et. Eos id beatae mollitia recusandae adipisci sed aut. Necessitatibus similique quis neque ab illum. Dolor et quasi alias qui quo perspiciatis dolores. Voluptas omnis in hic ut praesentium explicabo. Maiores maxime vitae nihil rerum qui doloribus ea nisi. Nostrum architecto nihil dolor. Ut architecto sapiente doloribus. Maxime eaque vel ad nobis unde. Totam illo architecto explicabo nobis facere est iusto. Dolores numquam cumque recusandae suscipit et dolorum. Fugiat consequatur explicabo omnis provident et adipisci. Dolorem sint sint et unde itaque consequatur est recusandae. Beatae modi ut reiciendis numquam unde recusandae aut. Asperiores nemo et id quam. Est quia laborum corrupti beatae qui odit beatae blanditiis. Autem dolorem quis architecto omnis vel optio. Earum deleniti perspiciatis delectus enim amet voluptatem quam. Modi hic id consectetur. Cupiditate doloribus voluptatem mollitia temporibus.','Officiis natus quisquam fugiat necessitatibus ea nam et et.','not started','1987-12-14 06:03:42','1971-08-31 10:46:37','3','3','358442699179'),
('59','Magnam repellat a non tempora pariatur accusamus laborum. Impedit alias consectetur qui pariatur et voluptate facere nulla. Doloremque officia nesciunt ducimus numquam. Asperiores ullam ipsum quae ab accusamus non. Quis porro dolor recusandae non. Omnis adipisci labore qui inventore deleniti sunt. Dolore suscipit harum eos nisi asperiores voluptatum aut. Inventore autem voluptatem earum corporis. Animi voluptatum facere et praesentium temporibus natus. Aut eos ut velit cum. Blanditiis beatae quia iste est. Ad laudantium culpa tempore sunt enim minus pariatur. Voluptatem eos veritatis et facere consequatur ipsa. Aperiam aut enim vero ipsam quis ea facilis. Libero voluptatem beatae velit architecto numquam iure alias. Ad repudiandae earum deserunt autem quis. Quod exercitationem laboriosam nihil assumenda ducimus. Eaque nobis enim eum enim. Hic velit cumque est provident ut. Amet occaecati rerum numquam natus iure. Earum porro sed non ratione nostrum.','Sint dicta ipsa sapiente quas id.','done','1994-09-20 10:23:58','2013-11-21 00:45:04','67','67','358484055638'),
('60','Quia et alias quis aut vero modi unde quasi. Sit non est autem mollitia. Ipsa placeat eligendi ut doloremque magni necessitatibus et. Atque aut maxime dicta quia vitae sunt tenetur. Autem et enim mollitia quasi quam ratione tempora. A dolorem sunt non harum ea debitis et nobis. Non officia temporibus eum commodi. Et qui quia quia molestias laboriosam. Cum sed molestias quis repellat ab expedita vero eum. Qui nisi odio quae cumque. Voluptas mollitia sit numquam tempora accusantium. Quidem sunt adipisci expedita eum modi. Et deleniti sequi ipsam autem voluptatem sit alias. Animi et cumque voluptatem ut. Dolor dolores velit quisquam aliquam aliquid dolorem. Nostrum pariatur repellat ratione exercitationem. Distinctio officiis reiciendis dicta culpa aut. Nesciunt autem sequi minima vitae et vel. Alias ea nemo aut quae accusamus praesentium enim.','Nihil ipsam et labore eveniet quos cumque aut.','not started','1996-08-23 18:43:49','1989-03-27 17:35:00','5','5','358443800973'),
('61','Ea molestiae et esse voluptatem est rerum. Mollitia blanditiis quasi dolorem ut ut ullam. Animi odio molestiae quam fuga. Id excepturi dolor nobis eos. Alias omnis facere iste adipisci qui adipisci ea. Mollitia dolorem est consequatur. Ut sit non earum impedit assumenda et sed. Sint laboriosam omnis quaerat fugiat et. Porro ad ut sed iure et tenetur optio. Distinctio dolores fugit error qui ut esse. Adipisci explicabo expedita explicabo reprehenderit est. Delectus omnis unde nesciunt enim. Ex excepturi rerum quia. Libero occaecati iste expedita eligendi et. Ut iure voluptatum quia at enim iusto eum. Consequuntur repudiandae fugiat pariatur occaecati. Assumenda et eos non sint et aliquid ut.','Quo maiores voluptas provident dolor enim molestiae ducimus.','done','1990-01-04 21:56:20','2006-04-18 16:51:31','10','10','358447169633'),
('64','Natus corporis totam hic reiciendis quia quis voluptatem. Aut impedit id quia numquam et. Beatae qui sint cum inventore perferendis voluptatem ad deserunt. Placeat porro minus quidem. Delectus sunt ut nihil culpa occaecati. Reprehenderit consequuntur impedit eos aut vitae quia sit nihil. Aperiam laboriosam et nisi et non. Quis sapiente sit quo dolores at. Quidem harum est consequatur accusamus et sint. Doloribus quia vel qui illo vero pariatur. Id aliquam sunt quod distinctio est. Quos sed dolorem expedita quidem occaecati. Dignissimos tenetur voluptas aut ratione. Assumenda autem repellat non vitae praesentium magni. Aut officiis quod rerum quis provident. Quam consectetur odit enim debitis necessitatibus. Aliquid nulla quibusdam eum molestiae. Ipsam nihil quasi odio ea.','Veritatis nisi est aut omnis quis rerum ut.','done','1984-02-16 18:04:43','1999-03-14 23:33:02','71','71','358487834560'),
('69','Commodi impedit aut numquam. Ut laboriosam ipsam sit sunt. Perferendis odio libero omnis sunt esse. Laboriosam optio distinctio nesciunt qui atque. Inventore eligendi commodi ut et reiciendis. Dignissimos deserunt omnis vitae doloribus. Ea nemo consequatur necessitatibus et voluptates dolores sunt. Est officiis quia impedit officia corporis dolorem fugiat. Dicta consequatur et autem velit blanditiis laboriosam. Voluptas quis voluptates ut consectetur sit ipsa consequuntur. In praesentium quia iure repellat.','Vero vel repudiandae et qui quisquam a ullam in dicta.','waiting for spare parts','1974-06-05 01:59:09','1977-07-17 18:26:43','39','39','358464903356'),
('71','Eligendi excepturi rerum expedita velit dolor. Nisi alias quasi consequuntur explicabo. Voluptas eum reiciendis cupiditate officia neque et. Architecto hic nostrum et odio corrupti. Sapiente quidem autem animi ipsa ullam commodi vel. Est magnam ab voluptas facere qui et. Hic ea quidem ea. Minus occaecati non nemo aut occaecati autem. Id repudiandae est autem consequatur mollitia sit at aut. Aut facilis sed maiores qui voluptatem sapiente saepe. Magni facilis sed rerum neque voluptatem reiciendis. Odit nostrum possimus nemo voluptas.','Similique non aspernatur et quod.','waiting for spare parts','2010-10-09 10:32:44','2000-11-15 14:12:07','98','98','358505702392'),
('73','Porro est quia laudantium magni occaecati. Similique mollitia repellat sint. Aut aut hic incidunt. Consectetur repudiandae a voluptatum. Aut necessitatibus consectetur ipsa. Aut recusandae et nisi vel voluptatem ipsa. Asperiores ut dolore dolorem cum et veritatis. Perferendis autem amet quibusdam rerum est blanditiis similique. Doloribus culpa quas qui et eos. Atque odit rerum molestias tempore amet error. Voluptas doloribus illum et provident nisi dolorem aliquid. Magnam est quo dolores aut amet dolorem tenetur. Omnis maiores ipsam voluptatem doloremque possimus officia. Asperiores nobis dolorum possimus omnis sapiente tempore. Asperiores minus possimus suscipit autem officia. Accusantium sunt veniam pariatur sed est ducimus. Atque nihil expedita dolorum commodi expedita et quis. Neque ipsa eum voluptas rerum dignissimos unde.','Est iusto temporibus nemo voluptas sunt iste nemo.','waiting for spare parts','1996-08-08 19:42:54','1977-10-09 22:49:40','26','26','358456642158'),
('74','Praesentium iure tenetur itaque esse nulla aut vel. Et ducimus exercitationem soluta hic. Aut nam maiores nisi molestiae eaque. Officia est quidem aut omnis velit ut amet. Veniam exercitationem rerum iusto sint eius repellendus omnis. Officia provident tempore qui voluptatum. Nihil consectetur officiis suscipit iusto earum eos. Quia enim facilis culpa sit. Fuga ut illo aut pariatur rerum quibusdam et quis. Ut officiis harum aspernatur reiciendis. Debitis eos harum illo sed consequatur dolore facilis. Enim non voluptatum vero odio. Aut ut sunt corporis perspiciatis in dolor. Voluptas voluptatem est dolor quisquam velit.','Quia odio dolorem culpa sint.','done','1988-05-26 03:53:19','1978-06-22 05:32:35','55','55','358471987897'),
('76','Consequatur sunt quia consequatur quaerat ut. Et rem rerum et aliquid quisquam dolorum. Quam inventore ea perspiciatis similique sit et. Sapiente corporis occaecati ut voluptatem nulla ut hic. Voluptas occaecati ab placeat dolores debitis enim. Voluptatum quod recusandae expedita. Expedita quia dolor debitis totam. Ipsa tempore sint eos voluptatem delectus rerum id. Sapiente labore tenetur accusantium provident sed iusto corrupti. Sit rerum voluptatibus enim fugiat accusamus quaerat.','Est in repellat ut ab enim voluptatem.','not started','2011-09-07 16:33:32','1982-05-30 08:38:18','46','46','358466949163'),
('81','Voluptatem est delectus aut dolor dolores sit. Repellendus iure pariatur nisi alias cumque. Vero explicabo expedita voluptate voluptatem est deserunt. Tempore veritatis aut est maiores iusto. Impedit rerum delectus quibusdam. Aut autem est consequuntur accusantium enim. Qui dolores numquam dolor ducimus. Aliquam autem eligendi ea optio. Cum exercitationem error consequatur repudiandae omnis repellat voluptate. Molestiae aut voluptatem et aperiam explicabo velit velit. Quo reiciendis minima ducimus doloribus sapiente ducimus.','Molestiae id expedita ea inventore est.','done','1972-11-21 03:15:09','1980-03-02 09:26:44','89','89','358499580825'),
('83','Nisi perferendis voluptas voluptas a. Ipsa reiciendis beatae enim reprehenderit similique modi rerum. Praesentium itaque optio veritatis ea voluptatem autem possimus. Perspiciatis facilis facere voluptatem occaecati labore cum. Voluptates aut eius sint maxime fugiat ipsa impedit. Facilis odit blanditiis tenetur dolor voluptatem. Dolorum id fuga doloribus numquam assumenda eligendi suscipit. Tempore nulla quam quis harum dolorem et eum. Neque fugit nihil et adipisci. Consequuntur quia natus enim atque. Labore dolore accusantium explicabo neque qui inventore. Veritatis sequi similique eius et. Sit voluptas iusto in sapiente sed. Libero esse necessitatibus facilis voluptatem. Atque id possimus hic nam. Architecto doloremque repellendus neque atque explicabo sed reprehenderit. Dicta cupiditate sapiente rerum ea nisi eos facilis. Dolorem ex velit totam qui. Eos vitae illum voluptas iusto.','Tempora atque aut ut at unde quos.','in process','1981-07-26 12:33:08','1980-02-02 11:51:25','78','78','358489816555'),
('89','Quia in porro enim animi quam aut consectetur. Expedita facere enim ad ipsum neque doloremque. Numquam ut hic adipisci numquam sit provident mollitia. Ab consectetur quas non voluptatem aut occaecati. Aut harum provident quos nihil. Nam velit at aut et et natus. Laudantium quisquam molestiae sit sunt a. Quia vitae sapiente ipsa asperiores aliquid. Ut nam ratione beatae ea. Minima at doloribus ut. Et laudantium temporibus eius nam. Expedita incidunt modi reprehenderit impedit enim laboriosam. Doloremque voluptatibus voluptatem molestiae deserunt expedita. Mollitia repudiandae inventore eaque sapiente aperiam. Nostrum ratione quisquam eum enim amet. Nisi error dignissimos ut.','Ratione non dicta qui minus libero.','not started','1994-08-20 05:22:56','1987-10-17 01:22:21','58','58','358475296265'),
('94','Provident nesciunt dolor ipsam aut doloremque natus est. Atque eum consequatur expedita labore eum cumque quia perferendis. Recusandae cumque repellendus sit dicta quibusdam impedit similique. Tenetur ea libero ducimus repellendus. Voluptatibus architecto excepturi autem tenetur omnis nihil. Voluptas expedita enim recusandae vel. Quod sapiente similique adipisci eligendi quam. Consequatur placeat voluptatem dolor fuga qui. Temporibus quo et tempora quibusdam excepturi dolore. Harum dolorum dolorem consequatur nulla. Et praesentium impedit dolorem enim. Et et cupiditate et totam labore dolore. Quis nam cum quo qui ipsam natus. Tempore quisquam ea architecto eum. Magni aliquam voluptatibus tenetur et et minus. Voluptatem inventore eligendi architecto est distinctio. Eaque sed libero unde sed soluta. Voluptatum quae et reiciendis sit qui. Ut tempore ut expedita. Sunt totam nulla laudantium dignissimos voluptatum est nesciunt.','Enim et dolores inventore ut nulla aut ullam qui.','not started','2007-06-11 22:08:30','2019-03-10 14:43:16','27','27','358457677214'),
('96','Nostrum et praesentium delectus et excepturi sequi. Quos est dolorem vitae minus aut porro modi. Natus aut qui itaque velit soluta sed expedita. Exercitationem ut deleniti harum harum qui quidem rerum omnis. Tempora sed nam voluptatem dolor repellat. Mollitia consequatur delectus eveniet maxime quod repudiandae. Vel ut nisi quia rerum ea aut. Praesentium hic eius veritatis. Qui neque tempora omnis nam animi in. In dolor non praesentium sapiente. Voluptatum laborum iusto saepe aperiam et ipsum et a. Minima ut et sunt sunt.','Qui sit exercitationem labore nostrum eligendi vel.','not started','1991-03-19 21:19:29','1982-09-29 18:52:39','95','95','358504965187'),
('97','Ab et molestiae officiis eos quo quia vel. Quo occaecati aperiam et voluptas iste. Dolorem vitae et sed placeat et. Qui ut minus alias alias. Debitis aut quod aut assumenda molestiae qui autem. Sequi voluptates quibusdam vel beatae ut ducimus. Animi accusamus repudiandae facilis nihil natus at qui. Dolores quas quia et similique. Aut odio voluptatibus autem odit minus. Et ut voluptas excepturi alias totam. Dicta non id sint consequatur voluptatem incidunt fugit. Aliquam excepturi quas perferendis rerum. Consequatur quia dicta qui eligendi. Illo molestias qui beatae aut dolores commodi sit. Rerum saepe qui quo quas non. Eum a aut quo ut optio qui.','Incidunt voluptate saepe molestiae quasi occaecati quis temporibus est reprehenderit.','done','1973-04-04 19:10:32','2019-07-18 21:57:51','70','70','358487308477'),
('98','Dolorem omnis iure aut maiores nihil vel. A deserunt modi saepe. Explicabo sunt sequi et molestias minus cumque. Alias corporis est sit qui iste delectus. Et consequuntur et rerum ipsum accusantium. Tempore non est voluptatem quis similique esse. Recusandae id vel nesciunt molestias officiis nam ad eaque. Ex consequatur et ipsum repellendus officia qui. Nobis magnam sed incidunt qui dolor. Aut culpa est quia ipsam. Totam distinctio qui commodi ut.','Labore blanditiis fugit et est et similique.','in process','1980-03-15 05:56:17','1976-11-02 13:53:35','19','19','358452586378'),
('100','Corporis aut alias veniam dicta. Iure qui dolor rem mollitia non autem. Tempora voluptatibus et suscipit quis. Earum voluptatem voluptatem sit id. Animi nulla consequuntur quia corporis quia et. Est veritatis illo nihil et sed. Animi officia itaque dolore autem consectetur. Magnam qui illo enim eum et. Eaque quia cupiditate dignissimos sit. Est vel veritatis cum quis.','Provident est et porro saepe voluptate.','in process','1985-09-30 10:55:20','1972-06-27 02:25:47','18','18','358451882523'),
('105','Error soluta quia provident deserunt minima et nesciunt. Ad voluptate quia explicabo suscipit. Facilis qui aut facilis in suscipit deleniti culpa similique. Quis dolorum dolores fuga dignissimos. Dolor voluptate nostrum perferendis officia ut. Recusandae ut in ipsum exercitationem harum in. Voluptatem minima quis reprehenderit sint quibusdam corrupti. Qui deleniti ipsam tempore sit. Voluptate ipsa omnis totam quo dicta magni. Et aliquid asperiores cupiditate nihil. Aut ullam et perferendis autem. Dolorem necessitatibus error quasi officia ex praesentium inventore cumque. Expedita maxime eos ratione quibusdam impedit. Molestiae voluptates nostrum in voluptas labore.','Et accusamus amet nihil sint et.','done','2001-09-20 20:51:34','1974-03-05 12:58:45','74','74','358488907252'),
('106','Perferendis quia perferendis sed non voluptatem itaque rem velit. Animi et aut est dolores dolorem. Labore iure natus autem. Praesentium sapiente molestiae et nesciunt id aliquid itaque. Necessitatibus cum officiis voluptatem voluptate vel voluptatum aliquid. Quia est tempore aut ut atque. Enim dolorum veniam est qui. Nostrum aut qui excepturi magni rerum et. Ipsa architecto eos dolorem sint id sed. Quis quo et dolorem iure possimus.','Ipsa optio id doloremque corrupti omnis harum quia.','in process','2009-11-12 07:53:16','1994-08-12 00:24:32','1','1','358442292408'),
('113','Incidunt non voluptatibus odit sit. Officia dolor voluptas architecto recusandae nisi repudiandae eum qui. Amet facere voluptatem sed rerum magni et. Nihil vero minus aliquid incidunt debitis laudantium soluta. Esse voluptas placeat voluptatum est eum possimus ducimus. Provident adipisci culpa voluptas assumenda sapiente. Beatae ipsum esse ut nisi. Ipsa eligendi perspiciatis sit ipsa temporibus. Sit laudantium officia quis iusto assumenda. Nihil sit consectetur rem necessitatibus delectus. Consequatur magni eaque sit rerum maxime. Expedita id eaque sint non distinctio voluptas sit. Necessitatibus soluta aut non deleniti expedita nulla. Incidunt ut consequuntur amet sint. Maxime quos odio eligendi. Maxime sit id expedita autem. Sunt omnis eos quaerat exercitationem repudiandae esse. Accusantium autem asperiores eos ipsam.','Officia nemo beatae quisquam possimus officia exercitationem nihil.','waiting for spare parts','2017-09-13 00:45:50','2014-05-24 20:12:35','100','100','358509739009'),
('115','Sapiente quo distinctio accusamus nostrum. Facere ut dicta ipsam labore. Consequatur aut reiciendis rerum dolores magnam quia et. Architecto quo repellendus libero velit. Dolor maiores et eligendi ut aliquam corporis sunt. Totam quaerat facilis optio consequatur laboriosam dolorem quia. Sint eos et soluta non id et occaecati. Dolor nulla velit porro ex quo. Quis enim fuga ab ut ipsa libero magnam quis. Eos et qui facere ipsa. Nihil laudantium enim consectetur doloribus praesentium. Expedita non doloremque sunt dolorum nihil.','Recusandae culpa vel ea qui qui ut.','in process','1996-04-23 05:57:21','1978-01-17 13:05:16','63','63','358482690109'),
('116','Consequuntur iusto possimus omnis dicta quasi tempora architecto. Vitae qui dolor iste dolorem et. Quis ducimus provident architecto. Officia quam assumenda sint tenetur. Molestias aliquam consectetur harum. Quas odit et quam dicta ullam iste aut consequatur. Quod voluptas iusto sed voluptatibus dignissimos. Tenetur et tenetur voluptas qui mollitia nesciunt iste. Sed quia odio et qui labore vero nam. Asperiores rem sapiente voluptas nobis a nihil. Aspernatur aspernatur dolorem aut et amet laudantium aut. Ea unde beatae quaerat hic iure atque. Quia illo doloremque consequatur nobis optio. Mollitia atque aliquid voluptatem aut. Quis voluptates quia quasi et fugit. Ab minus consequatur atque numquam inventore aut. Consequatur est autem officia dolores quod laboriosam.','Et voluptas dolores fuga corrupti deleniti.','not started','1992-05-15 07:52:40','2011-02-08 05:55:31','50','50','358469272488'),
('123','Delectus et sit ad adipisci dolorem omnis hic. Omnis id tempora error rem id. Non molestias eligendi neque blanditiis et. Voluptatem qui suscipit deleniti vero ut officiis voluptatem tenetur. Voluptatum cum nam fuga nam iste id. Reiciendis alias libero voluptatum dolores. Aliquid tenetur rerum omnis modi fugit. Et nemo iste nesciunt ea pariatur rem illo accusantium. Debitis distinctio ipsum veniam eveniet earum accusantium. Sint non inventore possimus in exercitationem necessitatibus corrupti.','Iusto est vel sed sed perspiciatis mollitia sequi incidunt.','in process','1975-12-03 00:50:20','1971-01-07 01:32:42','21','21','358453539184'),
('125','Cumque corporis consequatur odit. Facere cupiditate eligendi repellendus minus. Quibusdam et non qui repudiandae. Itaque consequuntur accusantium nihil officiis. Ea nulla dolorem dicta quia hic. Nostrum deleniti vel earum atque ducimus eos. Quibusdam officia et doloremque nemo saepe expedita. Perferendis eveniet fuga nostrum sed in. Delectus maxime voluptas error eum iusto sunt dolorum qui. Alias necessitatibus enim inventore voluptatem. Rerum temporibus eveniet dolorem. Sit optio aut aliquid quis fugiat. Odit accusamus dignissimos ducimus dolorem. Quam culpa praesentium non eum facilis et eos. Quibusdam facilis amet molestiae modi. Ea et assumenda nisi velit alias.','Qui quas assumenda quod non veniam autem repellendus sint sunt.','done','1990-01-04 12:25:45','1978-02-01 06:17:51','73','73','358488400972'),
('126','Earum ullam et enim. Voluptatibus perferendis aut aperiam repellendus numquam. Voluptate sit necessitatibus nostrum quam quam nulla. Voluptatum et soluta ipsa qui eligendi. Esse a et quam ullam voluptatem quibusdam. Quod molestiae sequi dicta enim omnis qui. Quae beatae ea doloremque accusantium. Ab quo voluptatem aut eveniet. Sit quod dicta exercitationem rerum molestias adipisci occaecati. Saepe et et quis est voluptas facere a esse. Est ut quo iure omnis neque eum recusandae. Veritatis voluptatem et officia in. Non sint ea et cum et tempore quia. Ut autem est minus ut odit. Ut ut voluptas numquam earum laboriosam et. Id quia est quo quae. Accusantium temporibus neque iste ex omnis. Qui quia eveniet sit qui assumenda. Excepturi sed quia voluptas consequatur.','Non at veniam reiciendis molestiae itaque ipsa accusantium.','not started','2017-11-16 07:20:13','2003-03-02 14:56:57','52','52','358469825222'),
('134','Ea nostrum blanditiis in ea ea quisquam non. Tenetur blanditiis saepe est voluptatem natus vitae. Ad vel veritatis veniam ut. Officiis assumenda aut et recusandae. Est qui nihil delectus voluptatibus est. Et doloribus qui tenetur reiciendis ex. Minima ullam enim facilis est ut non. Pariatur nam quo necessitatibus rerum autem. Commodi voluptatibus sint sint officiis. Magni debitis quis saepe laudantium sed voluptates cupiditate. Dicta voluptatibus aut provident molestiae. Fuga modi omnis cupiditate amet voluptatem repellendus odit consequuntur. Quia fugiat debitis aut et et ex. Dolores occaecati corrupti occaecati praesentium. Dolorem in temporibus repellendus. Et et aut voluptatem et. Et exercitationem ab minus ut et libero.','Culpa tenetur explicabo doloribus quae qui alias.','in process','1985-06-08 12:57:47','1995-04-15 05:30:37','88','88','358496996315'),
('138','Et asperiores autem doloribus fugiat sed. Et temporibus voluptatem temporibus expedita ut dolorem dignissimos. Et et id asperiores tempora cum repellendus non. Fugiat eius perferendis dolores sint non eaque. Perferendis velit dolores natus in totam eius quaerat. Atque et consequatur earum. Eos laboriosam eveniet asperiores est. Culpa asperiores nulla est blanditiis facilis tempore voluptas. Unde sunt amet explicabo ex ut dolor dignissimos. Dolorem consequatur hic eveniet nesciunt iste officia sint. Doloremque harum voluptates aut molestias. Dolore omnis assumenda optio velit et repellat. Molestiae eius beatae ratione laboriosam. Assumenda cum exercitationem quis alias. Quibusdam exercitationem repudiandae natus ut. Odit consectetur possimus voluptate reiciendis eveniet. Iste ratione similique sunt eius. Doloremque neque deserunt eos voluptatem consequatur architecto.','Eveniet vitae facilis fuga ea accusamus.','done','1976-09-24 08:53:01','1973-08-23 23:47:17','13','13','358448001922'),
('143','Quo odio molestiae non ad a laudantium. Repellat nostrum adipisci aliquam quisquam sit quia officiis. Ullam voluptatum sint ea perspiciatis sed nihil nesciunt. Et nesciunt aliquam error expedita eaque aliquid vitae nihil. Pariatur quasi ipsa qui quae odit mollitia eos. Qui qui corporis magnam quod. Asperiores blanditiis illo rem unde aut voluptatibus. Est sint fugit blanditiis consectetur eius. Accusamus at voluptas enim praesentium laboriosam eaque ut. Ut harum voluptas ab excepturi aut explicabo non. Atque voluptate alias fugiat commodi et eligendi. A quae quis alias molestias exercitationem. Tempora rerum deserunt consequatur magni eveniet exercitationem. Cumque aperiam et ullam maxime qui sunt. Corporis iure voluptatum odit dolores autem. Eveniet neque vero temporibus et eum placeat molestiae praesentium. Itaque sunt ea dignissimos veniam deleniti vel. Ab et vitae nesciunt sint repudiandae blanditiis qui. Ut corrupti ipsam cumque doloribus.','Aut voluptate autem sed facere qui.','not started','1992-08-04 18:24:13','2008-04-29 06:52:16','72','72','358488278837'),
('144','Sit minima ducimus animi. At hic enim quia quis beatae. Dolor qui maxime voluptatem est neque quibusdam ipsum animi. Omnis sint porro exercitationem vel perferendis consequuntur assumenda dolore. Ratione est autem mollitia consequatur blanditiis harum. Non eveniet possimus repellat laboriosam nulla. Omnis earum distinctio sed at voluptatem. Quae omnis qui odit ut doloribus. Voluptas corrupti aut doloremque inventore. Ex quia tempora voluptatibus iusto quia impedit. Quam quia est fugiat. Dolor dolor in minima doloremque aut ut sunt. Vel iste maxime assumenda aut esse culpa. Itaque consequatur adipisci facilis rerum cum fugiat voluptate similique. Autem ipsa nam quis ex dolores eius dolorem. Nihil ut sed quibusdam. Fugit laudantium qui occaecati explicabo est. Omnis dignissimos est exercitationem temporibus sint impedit. Aperiam aperiam veniam temporibus quaerat eos est dolorem.','Nostrum deserunt cupiditate eos accusamus ad.','waiting for spare parts','1972-07-17 23:41:34','1972-08-11 11:52:24','45','45','358466515335'),
('147','Mollitia et animi dignissimos eius provident nemo. Ipsum ipsum dolores reiciendis eius. Dolorem sed nam dolor. Qui nemo ut quos quas sint. Est minus omnis cupiditate assumenda. Officiis ipsam odio error excepturi. Porro quia rerum molestiae rerum repellat inventore dolor. At eos mollitia veniam vel. Reiciendis consequatur illum tenetur cumque consequuntur minima vel. Perferendis deleniti quis at maiores natus quo est quod. Dolores possimus exercitationem est laborum ex. Tenetur et sed recusandae praesentium. Quidem ut quo molestiae temporibus. Temporibus dolores unde repellendus quia. Quos fuga quasi et iusto et ducimus voluptate eum. Aliquid sed placeat alias. Possimus consequatur explicabo facere et quod. Aliquam voluptas eius qui fugiat dolorem. Error quis itaque ea et quo. Id officiis est sed optio amet aut ut cumque.','Ab eius est dolor dicta harum dolor.','waiting for spare parts','1999-09-11 17:37:11','1979-11-23 02:46:59','62','62','358482212642'),
('149','Consequatur enim dolores enim dolorem sit. Consequuntur ut eum nemo libero. Qui incidunt neque quia ut ut voluptas. Ipsa non doloremque ut rerum in molestiae doloribus est. Quasi aut rerum sequi corporis praesentium enim et. Nostrum dolor quisquam et autem debitis. Vitae in vel eaque labore ratione et quo. Voluptatem a commodi pariatur autem alias et soluta. Nam mollitia dolores aspernatur amet sint reiciendis eligendi. Asperiores cum ratione dolores. Natus alias quisquam nihil. Voluptates consequatur aut omnis excepturi. Et ut rerum eos impedit distinctio delectus eius. Odit omnis ratione consectetur qui excepturi est nesciunt. Sed exercitationem tempora ducimus voluptatem minus. Impedit facere ut omnis nesciunt non sint atque. Autem ut officia fuga porro facilis et nihil.','Qui dolores voluptatem nemo aliquam aut ducimus.','in process','1989-07-17 21:21:07','1999-01-31 17:22:26','53','53','358470748755'),
('150','Molestiae deserunt similique voluptatum sed amet. Qui cupiditate voluptates ab blanditiis voluptatem suscipit et. Sit nisi reiciendis repudiandae molestias odio dolorem ducimus. Ea nihil ipsam architecto blanditiis. Dolorum similique distinctio ut sed ullam et. Nesciunt quia nobis et. Impedit facere autem sit est quis et ducimus. Est autem nisi quod voluptatibus reprehenderit error. Voluptate sed aut ullam doloribus et adipisci quibusdam aliquam. In assumenda nemo quia qui ut officiis est. Fugiat quisquam ipsum ut iste veniam cumque. Qui eos quo consequuntur. Dolorum natus consequatur rerum facilis vero id. Magni non mollitia cupiditate est. Cum aut ut ea neque. Quod minima quia voluptate.','Minima earum quae tempora delectus ut voluptates dolorem provident.','not started','1982-03-29 23:18:13','2010-10-21 18:18:51','20','20','358452721398'); 

-- update запрос для следующего запроса (в тестовых целях)
update jobs set updated_at = current_timestamp();
update jobs set started_at = '2019-08-30';
update jobs set started_at = null, updated_at = null where job_status like 'not star%';

alter table external_orders
add CONSTRAINT `external_orders_ibfk_2` 
FOREIGN KEY (`product_name`) REFERENCES `products` (`product_name`) ON UPDATE CASCADE on delete restrict;



/*!40101 SET SQL_MODE=@OLD_SQL_MODE */;
/*!40014 SET FOREIGN_KEY_CHECKS=@OLD_FOREIGN_KEY_CHECKS */;
/*!40014 SET UNIQUE_CHECKS=@OLD_UNIQUE_CHECKS */;
/*!40101 SET CHARACTER_SET_CLIENT=@OLD_CHARACTER_SET_CLIENT */;
/*!40101 SET CHARACTER_SET_RESULTS=@OLD_CHARACTER_SET_RESULTS */;
/*!40101 SET COLLATION_CONNECTION=@OLD_COLLATION_CONNECTION */;
/*!40111 SET SQL_NOTES=@OLD_SQL_NOTES */;

